id,id_wasp,id_secret,frame_type,frame_number,sensor,value,timestamp,raw,parser_type
44624,environ1,408414966,128,252,O2,0.619,"2016-08-10 06:00:14",noraw,0
44659,environ1,408414966,128,253,O2,0.619,"2016-08-10 06:01:25",noraw,0
44687,environ1,408414966,128,254,O2,0.616,"2016-08-10 06:02:37",noraw,0
44729,environ1,408414966,128,255,O2,0.619,"2016-08-10 06:03:48",noraw,0
44792,environ1,408414966,128,1,O2,0.642,"2016-08-10 06:06:10",noraw,0
44834,environ1,408414966,128,2,O2,0.619,"2016-08-10 06:07:21",noraw,0
47418,environ1,408414966,128,67,O2,0.616,"2016-08-10 07:24:26",noraw,0
47523,environ1,408414966,128,70,O2,0.619,"2016-08-10 07:28:00",noraw,0
47635,environ1,408414966,128,73,O2,0.619,"2016-08-10 07:31:33",noraw,0
47768,environ1,408414966,128,77,O2,0.606,"2016-08-10 07:36:17",noraw,0
47803,environ1,408414966,128,78,O2,0.616,"2016-08-10 07:37:29",noraw,0
47845,environ1,408414966,128,79,O2,0.619,"2016-08-10 07:38:40",noraw,0
47887,environ1,408414966,128,80,O2,0.616,"2016-08-10 07:39:51",noraw,0
47929,environ1,408414966,128,81,O2,0.616,"2016-08-10 07:41:02",noraw,0
47971,environ1,408414966,128,82,O2,0.616,"2016-08-10 07:42:13",noraw,0
47999,environ1,408414966,128,83,O2,0.616,"2016-08-10 07:43:25",noraw,0
48034,environ1,408414966,128,84,O2,0.619,"2016-08-10 07:44:36",noraw,0
48069,environ1,408414966,128,85,O2,0.619,"2016-08-10 07:45:47",noraw,0
48104,environ1,408414966,128,86,O2,0.616,"2016-08-10 07:46:58",noraw,0
48125,environ1,408414966,128,87,O2,0.616,"2016-08-10 07:48:09",noraw,0
48160,environ1,408414966,128,88,O2,0.597,"2016-08-10 07:49:20",noraw,0
48195,environ1,408414966,128,89,O2,0.613,"2016-08-10 07:50:31",noraw,0
48230,environ1,408414966,128,90,O2,0.639,"2016-08-10 07:51:43",noraw,0
48272,environ1,408414966,128,91,O2,0.626,"2016-08-10 07:52:54",noraw,0
48307,environ1,408414966,128,92,O2,0.613,"2016-08-10 07:54:05",noraw,0
48335,environ1,408414966,128,93,O2,0.613,"2016-08-10 07:55:16",noraw,0
48370,environ1,408414966,128,94,O2,0.613,"2016-08-10 07:56:27",noraw,0
48433,environ1,408414966,128,96,O2,0.610,"2016-08-10 07:58:49",noraw,0
48461,environ1,408414966,128,97,O2,0.613,"2016-08-10 08:00:01",noraw,0
48496,environ1,408414966,128,98,O2,0.610,"2016-08-10 08:01:12",noraw,0
48531,environ1,408414966,128,99,O2,0.610,"2016-08-10 08:02:23",noraw,0
48573,environ1,408414966,128,100,O2,0.603,"2016-08-10 08:03:34",noraw,0
48622,environ1,408414966,128,101,O2,0.613,"2016-08-10 08:04:45",noraw,0
48664,environ1,408414966,128,102,O2,0.610,"2016-08-10 08:05:56",noraw,0
48685,environ1,408414966,128,103,O2,0.613,"2016-08-10 08:07:08",noraw,0
48720,environ1,408414966,128,104,O2,0.610,"2016-08-10 08:08:19",noraw,0
48769,environ1,408414966,128,106,O2,0.610,"2016-08-10 08:10:41",noraw,0
48804,environ1,408414966,128,107,O2,0.610,"2016-08-10 08:11:52",noraw,0
49035,environ1,408414966,128,116,O2,0.623,"2016-08-10 08:22:34",noraw,0
49077,environ1,408414966,128,117,O2,0.606,"2016-08-10 08:23:46",noraw,0
49112,environ1,408414966,128,118,O2,0.610,"2016-08-10 08:24:57",noraw,0
49525,environ1,408414966,128,0,O2,0.606,"2016-08-10 09:53:11",noraw,0
49567,environ1,408414966,128,0,O2,0.603,"2016-08-10 09:55:03",noraw,0
49658,environ1,408414966,128,2,O2,0.597,"2016-08-10 09:57:26",noraw,0
49700,environ1,408414966,128,3,O2,0.603,"2016-08-10 09:58:37",noraw,0
49756,environ1,408414966,128,4,O2,0.610,"2016-08-10 09:59:48",noraw,0
49840,environ1,408414966,128,6,O2,0.610,"2016-08-10 10:02:10",noraw,0
49889,environ1,408414966,128,7,O2,0.606,"2016-08-10 10:03:21",noraw,0
49938,environ1,408414966,128,8,O2,0.603,"2016-08-10 10:04:32",noraw,0
49980,environ1,408414966,128,9,O2,0.610,"2016-08-10 10:05:44",noraw,0
50008,environ1,408414966,128,10,O2,0.610,"2016-08-10 10:06:55",noraw,0
50085,environ1,408414966,128,12,O2,0.587,"2016-08-10 10:09:17",noraw,0
50127,environ1,408414966,128,13,O2,0.613,"2016-08-10 10:10:28",noraw,0
50239,environ1,408414966,128,16,O2,0.606,"2016-08-10 10:14:02",noraw,0
50288,environ1,408414966,128,17,O2,0.606,"2016-08-10 10:15:13",noraw,0
50365,environ1,408414966,128,19,O2,0.610,"2016-08-10 10:17:35",noraw,0
50407,environ1,408414966,128,20,O2,0.610,"2016-08-10 10:18:47",noraw,0
50498,environ1,408414966,128,23,O2,0.606,"2016-08-10 10:22:20",noraw,0
50526,environ1,408414966,128,24,O2,0.610,"2016-08-10 10:23:31",noraw,0
50603,environ1,408414966,128,26,O2,0.616,"2016-08-10 10:25:53",noraw,0
50638,environ1,408414966,128,27,O2,0.606,"2016-08-10 10:27:05",noraw,0
50715,environ1,408414966,128,29,O2,0.606,"2016-08-10 10:29:27",noraw,0
50743,environ1,408414966,128,30,O2,0.610,"2016-08-10 10:30:38",noraw,0
50841,environ1,408414966,128,33,O2,0.652,"2016-08-10 10:34:11",noraw,0
50953,environ1,408414966,128,36,O2,0.606,"2016-08-10 10:37:45",noraw,0
50995,environ1,408414966,128,37,O2,0.603,"2016-08-10 10:38:56",noraw,0
51086,environ1,408414966,128,40,O2,0.606,"2016-08-10 10:42:30",noraw,0
51170,environ1,408414966,128,43,O2,0.603,"2016-08-10 10:46:03",noraw,0
51212,environ1,408414966,128,44,O2,0.600,"2016-08-10 10:47:14",noraw,0
51275,environ1,408414966,128,46,O2,0.597,"2016-08-10 10:49:37",noraw,0
51303,environ1,408414966,128,47,O2,0.594,"2016-08-10 10:50:47",noraw,0
51492,environ1,408414966,128,53,O2,0.597,"2016-08-10 10:57:54",noraw,0
51527,environ1,408414966,128,54,O2,0.590,"2016-08-10 10:59:05",noraw,0
52805,environ1,408414966,128,98,O2,0.590,"2016-08-10 11:51:16",noraw,0
52818,environ1,408414966,128,98,O2,0.590,"2016-08-10 11:51:16",noraw,0
53078,environ1,408414966,128,105,O2,0.581,"2016-08-10 11:59:35",noraw,0
53216,environ1,408414966,128,108,O2,0.594,"2016-08-10 12:03:09",noraw,0
53222,environ1,408414966,128,108,O2,0.594,"2016-08-10 12:03:09",noraw,0
53336,environ1,408414966,128,111,O2,0.597,"2016-08-10 12:06:42",noraw,0
53371,environ1,408414966,128,112,O2,0.574,"2016-08-10 12:07:53",noraw,0
53481,environ1,408414966,128,114,O2,0.590,"2016-08-10 12:10:16",noraw,0
53489,environ1,408414966,128,114,O2,0.590,"2016-08-10 12:10:16",noraw,0
53527,environ1,408414966,128,115,O2,0.581,"2016-08-10 12:11:27",noraw,0
53648,environ1,408414966,128,118,O2,0.594,"2016-08-10 12:15:01",noraw,0
53683,environ1,408414966,128,119,O2,0.594,"2016-08-10 12:16:12",noraw,0
53789,environ1,408414966,128,121,O2,0.594,"2016-08-10 12:18:35",noraw,0
53816,environ1,408414966,128,122,O2,0.594,"2016-08-10 12:19:46",noraw,0
53938,environ1,408414966,128,125,O2,0.594,"2016-08-10 12:23:20",noraw,0
53946,environ1,408414966,128,125,O2,0.594,"2016-08-10 12:23:20",noraw,0
54000,environ1,408414966,128,126,O2,0.597,"2016-08-10 12:24:31",noraw,0
54100,environ1,408414966,128,128,O2,0.597,"2016-08-10 12:26:54",noraw,0
54127,environ1,408414966,128,128,O2,0.597,"2016-08-10 12:26:54",noraw,0
54393,environ1,408414966,128,135,O2,0.594,"2016-08-10 12:35:13",noraw,0
54414,environ1,408414966,128,135,O2,0.594,"2016-08-10 12:35:13",noraw,0
54727,environ1,408414966,128,143,O2,0.594,"2016-08-10 12:44:43",noraw,0
55351,environ1,408414966,128,160,O2,0.577,"2016-08-10 13:04:54",noraw,0
55630,environ1,408414966,128,167,O2,0.584,"2016-08-10 13:13:13",noraw,0
55758,environ1,408414966,128,170,O2,0.590,"2016-08-10 13:16:46",noraw,0
55789,environ1,408414966,128,171,O2,0.574,"2016-08-10 13:17:58",noraw,0
55877,environ1,408414966,128,173,O2,0.594,"2016-08-10 13:20:20",noraw,0
55917,environ1,408414966,128,174,O2,0.590,"2016-08-10 13:21:32",noraw,0
56009,environ1,408414966,128,177,O2,0.587,"2016-08-10 13:25:06",noraw,0
56132,environ1,408414966,128,180,O2,0.587,"2016-08-10 13:28:39",noraw,0
56153,environ1,408414966,128,181,O2,0.594,"2016-08-10 13:29:50",noraw,0
56230,environ1,408414966,128,183,O2,0.587,"2016-08-10 13:32:13",noraw,0
56251,environ1,408414966,128,184,O2,0.590,"2016-08-10 13:33:24",noraw,0
56293,environ1,408414966,128,185,O2,0.590,"2016-08-10 13:34:36",noraw,0
56349,environ1,408414966,128,187,O2,0.577,"2016-08-10 13:36:58",noraw,0
56391,environ1,408414966,128,188,O2,0.594,"2016-08-10 13:38:10",noraw,0
56468,environ1,408414966,128,190,O2,0.584,"2016-08-10 13:40:32",noraw,0
56496,environ1,408414966,128,191,O2,0.594,"2016-08-10 13:41:43",noraw,0
56580,environ1,408414966,128,194,O2,0.590,"2016-08-10 13:45:17",noraw,0
56615,environ1,408414966,128,195,O2,0.587,"2016-08-10 13:46:29",noraw,0
56692,environ1,408414966,128,198,O2,0.594,"2016-08-10 13:50:03",noraw,0
56881,environ1,408414966,128,205,O2,0.577,"2016-08-10 13:58:21",noraw,0
57294,environ1,408414966,128,219,O2,0.610,"2016-08-10 14:14:59",noraw,0
57546,environ1,408414966,128,226,O2,0.584,"2016-08-10 14:23:18",noraw,0
57658,environ1,408414966,128,229,O2,0.587,"2016-08-10 14:26:51",noraw,0
57770,environ1,408414966,128,232,O2,0.587,"2016-08-10 14:30:25",noraw,0
57812,environ1,408414966,128,233,O2,0.587,"2016-08-10 14:31:37",noraw,0
57903,environ1,408414966,128,235,O2,0.581,"2016-08-10 14:34:00",noraw,0
57931,environ1,408414966,128,236,O2,0.587,"2016-08-10 14:35:10",noraw,0
58036,environ1,408414966,128,239,O2,0.587,"2016-08-10 14:38:44",noraw,0
58071,environ1,408414966,128,240,O2,0.587,"2016-08-10 14:39:56",noraw,0
58162,environ1,408414966,128,242,O2,0.590,"2016-08-10 14:42:18",noraw,0
58183,environ1,408414966,128,243,O2,0.584,"2016-08-10 14:43:30",noraw,0
58281,environ1,408414966,128,246,O2,0.587,"2016-08-10 14:47:04",noraw,0
58323,environ1,408414966,128,247,O2,0.581,"2016-08-10 14:48:15",noraw,0
58386,environ1,408414966,128,249,O2,0.587,"2016-08-10 14:50:37",noraw,0
58414,environ1,408414966,128,250,O2,0.587,"2016-08-10 14:51:49",noraw,0
58491,environ1,408414966,128,253,O2,0.587,"2016-08-10 14:55:23",noraw,0
58848,environ1,408414966,128,10,O2,0.584,"2016-08-10 15:10:48",noraw,0
58939,environ1,408414966,128,14,O2,0.584,"2016-08-10 15:15:33",noraw,0
58981,environ1,408414966,128,15,O2,0.616,"2016-08-10 15:16:44",noraw,0
59779,environ1,408414966,128,45,O2,0.581,"2016-08-10 15:52:18",noraw,0
60017,environ1,408414966,128,52,O2,0.584,"2016-08-10 16:00:36",noraw,0
60143,environ1,408414966,128,55,O2,0.584,"2016-08-10 16:04:09",noraw,0
60297,environ1,408414966,128,59,O2,0.577,"2016-08-10 16:08:54",noraw,0
60412,environ1,408414966,128,62,O2,0.568,"2016-08-10 16:12:28",noraw,0
60546,environ1,408414966,128,65,O2,0.632,"2016-08-10 16:16:01",noraw,0
60581,environ1,408414966,128,66,O2,0.581,"2016-08-10 16:17:12",noraw,0
60665,environ1,408414966,128,68,O2,0.581,"2016-08-10 16:19:35",noraw,0
60707,environ1,408414966,128,69,O2,0.581,"2016-08-10 16:20:46",noraw,0
60791,environ1,408414966,128,71,O2,0.581,"2016-08-10 16:23:08",noraw,0
60796,environ1,408414966,128,71,O2,0.581,"2016-08-10 16:23:08",noraw,0
60824,environ1,408414966,128,72,O2,0.574,"2016-08-10 16:24:19",noraw,0
60828,environ1,408414966,128,72,O2,0.574,"2016-08-10 16:24:19",noraw,0
60933,environ1,408414966,128,75,O2,0.577,"2016-08-10 16:27:53",noraw,0
60972,environ1,408414966,128,76,O2,0.581,"2016-08-10 16:29:04",noraw,0
61092,environ1,408414966,128,78,O2,0.584,"2016-08-10 16:31:26",noraw,0
61135,environ1,408414966,128,79,O2,0.581,"2016-08-10 16:32:37",noraw,0
61251,environ1,408414966,128,82,O2,0.584,"2016-08-10 16:36:11",noraw,0
61254,environ1,408414966,128,82,O2,0.584,"2016-08-10 16:36:11",noraw,0
61293,environ1,408414966,128,83,O2,0.584,"2016-08-10 16:37:22",noraw,0
61381,environ1,408414966,128,85,O2,0.581,"2016-08-10 16:39:44",noraw,0
61426,environ1,408414966,128,86,O2,0.577,"2016-08-10 16:40:56",noraw,0
61448,environ1,408414966,128,86,O2,0.577,"2016-08-10 16:40:56",noraw,0
61550,environ1,408414966,128,88,O2,0.581,"2016-08-10 16:43:18",noraw,0
61555,environ1,408414966,128,88,O2,0.581,"2016-08-10 16:43:18",noraw,0
61576,environ1,408414966,128,89,O2,0.574,"2016-08-10 16:44:29",noraw,0
61683,environ1,408414966,128,92,O2,0.616,"2016-08-10 16:48:02",noraw,0
61699,environ1,408414966,128,92,O2,0.616,"2016-08-10 16:48:02",noraw,0
61857,environ1,408414966,128,95,O2,0.581,"2016-08-10 16:51:36",noraw,0
61918,environ1,408414966,128,96,O2,0.577,"2016-08-10 16:52:47",noraw,0
62321,environ1,408414966,128,106,O2,0.581,"2016-08-10 17:04:39",noraw,0
62811,environ1,408414966,128,119,O2,0.603,"2016-08-10 17:20:05",noraw,0
62832,environ1,408414966,128,119,O2,0.603,"2016-08-10 17:20:05",noraw,0
63616,environ1,408414966,128,137,O2,0.577,"2016-08-10 17:41:28",noraw,0
63810,environ1,408414966,128,141,O2,0.571,"2016-08-10 17:46:13",noraw,0
63898,environ1,408414966,128,143,O2,0.577,"2016-08-10 17:48:36",noraw,0
63933,environ1,408414966,128,144,O2,0.581,"2016-08-10 17:49:48",noraw,0
64073,environ1,408414966,128,147,O2,0.616,"2016-08-10 17:53:21",noraw,0
64108,environ1,408414966,128,148,O2,0.581,"2016-08-10 17:54:33",noraw,0
64198,environ1,408414966,128,150,O2,0.574,"2016-08-10 17:56:55",noraw,0
64219,environ1,408414966,128,151,O2,0.581,"2016-08-10 17:58:06",noraw,0
64317,environ1,408414966,128,154,O2,0.581,"2016-08-10 18:01:40",noraw,0
64363,environ1,408414966,128,155,O2,0.639,"2016-08-10 18:02:51",noraw,0
64443,environ1,408414966,128,157,O2,0.565,"2016-08-10 18:05:14",noraw,0
64471,environ1,408414966,128,158,O2,0.581,"2016-08-10 18:06:25",noraw,0
64549,environ1,408414966,128,160,O2,0.584,"2016-08-10 18:08:47",noraw,0
64570,environ1,408414966,128,161,O2,0.581,"2016-08-10 18:09:58",noraw,0
64612,environ1,408414966,128,162,O2,0.581,"2016-08-10 18:11:09",noraw,0
64669,environ1,408414966,128,164,O2,0.616,"2016-08-10 18:13:32",noraw,0
64704,environ1,408414966,128,165,O2,0.577,"2016-08-10 18:14:43",noraw,0
64781,environ1,408414966,128,168,O2,0.584,"2016-08-10 18:18:17",noraw,0
64851,environ1,408414966,128,170,O2,0.568,"2016-08-10 18:20:40",noraw,0
65265,environ1,408414966,128,186,O2,0.587,"2016-08-10 18:39:40",noraw,0
65503,environ1,408414966,128,193,O2,0.571,"2016-08-10 18:47:59",noraw,0
65622,environ1,408414966,128,196,O2,0.584,"2016-08-10 18:51:33",noraw,0
65874,environ1,408414966,128,202,O2,0.584,"2016-08-10 18:58:41",noraw,0
65902,environ1,408414966,128,203,O2,0.584,"2016-08-10 18:59:52",noraw,0
66000,environ1,408414966,128,206,O2,0.581,"2016-08-10 19:03:26",noraw,0
66035,environ1,408414966,128,207,O2,0.581,"2016-08-10 19:04:37",noraw,0
66126,environ1,408414966,128,209,O2,0.584,"2016-08-10 19:06:59",noraw,0
66147,environ1,408414966,128,210,O2,0.581,"2016-08-10 19:08:10",noraw,0
66231,environ1,408414966,128,212,O2,0.581,"2016-08-10 19:10:33",noraw,0
66252,environ1,408414966,128,213,O2,0.581,"2016-08-10 19:11:44",noraw,0
66350,environ1,408414966,128,216,O2,0.574,"2016-08-10 19:15:17",noraw,0
66392,environ1,408414966,128,217,O2,0.577,"2016-08-10 19:16:28",noraw,0
66469,environ1,408414966,128,219,O2,0.581,"2016-08-10 19:18:50",noraw,0
66483,environ1,408414966,128,220,O2,0.577,"2016-08-10 19:20:02",noraw,0
66581,environ1,408414966,128,223,O2,0.594,"2016-08-10 19:23:35",noraw,0
66623,environ1,408414966,128,224,O2,0.626,"2016-08-10 19:24:46",noraw,0
67029,environ1,408414966,128,237,O2,0.574,"2016-08-10 19:40:11",noraw,0
68233,environ1,408414966,128,22,O2,0.635,"2016-08-10 20:28:48",noraw,0
68331,environ1,408414966,128,25,O2,0.581,"2016-08-10 20:32:22",noraw,0
68366,environ1,408414966,128,26,O2,0.584,"2016-08-10 20:33:33",noraw,0
68443,environ1,408414966,128,28,O2,0.584,"2016-08-10 20:35:55",noraw,0
68485,environ1,408414966,128,29,O2,0.584,"2016-08-10 20:37:06",noraw,0
68590,environ1,408414966,128,32,O2,0.574,"2016-08-10 20:40:40",noraw,0
68695,environ1,408414966,128,35,O2,0.584,"2016-08-10 20:44:14",noraw,0
68807,environ1,408414966,128,38,O2,0.568,"2016-08-10 20:47:47",noraw,0
68849,environ1,408414966,128,39,O2,0.584,"2016-08-10 20:48:58",noraw,0
68933,environ1,408414966,128,41,O2,0.584,"2016-08-10 20:51:20",noraw,0
68954,environ1,408414966,128,42,O2,0.632,"2016-08-10 20:52:31",noraw,0
69045,environ1,408414966,128,45,O2,0.565,"2016-08-10 20:56:05",noraw,0
69080,environ1,408414966,128,46,O2,0.590,"2016-08-10 20:57:16",noraw,0
69164,environ1,408414966,128,48,O2,0.584,"2016-08-10 20:59:38",noraw,0
69192,environ1,408414966,128,49,O2,0.577,"2016-08-10 21:00:50",noraw,0
69276,environ1,408414966,128,51,O2,0.568,"2016-08-10 21:03:12",noraw,0
69297,environ1,408414966,128,52,O2,0.581,"2016-08-10 21:04:23",noraw,0
69339,environ1,408414966,128,53,O2,0.584,"2016-08-10 21:05:34",noraw,0
69388,environ1,408414966,128,55,O2,0.584,"2016-08-10 21:07:56",noraw,0
69430,environ1,408414966,128,56,O2,0.584,"2016-08-10 21:09:07",noraw,0
69493,environ1,408414966,128,58,O2,0.581,"2016-08-10 21:11:30",noraw,0
69633,environ1,408414966,128,63,O2,0.581,"2016-08-10 21:17:26",noraw,0
69878,environ1,408414966,128,72,O2,0.581,"2016-08-10 21:28:06",noraw,0
69969,environ1,408414966,128,75,O2,0.584,"2016-08-10 21:31:39",noraw,0
70665,environ1,408414966,128,100,O2,0.581,"2016-08-10 22:01:18",noraw,0
70670,environ1,408414966,128,100,O2,0.581,"2016-08-10 22:01:18",noraw,0
70792,environ1,408414966,128,103,O2,0.584,"2016-08-10 22:04:51",noraw,0
70993,environ1,408414966,128,107,O2,0.571,"2016-08-10 22:09:36",noraw,0
71108,environ1,408414966,128,110,O2,0.584,"2016-08-10 22:13:10",noraw,0
71242,environ1,408414966,128,113,O2,0.584,"2016-08-10 22:16:43",noraw,0
71280,environ1,408414966,128,114,O2,0.584,"2016-08-10 22:17:54",noraw,0
71391,environ1,408414966,128,116,O2,0.610,"2016-08-10 22:20:17",noraw,0
71412,environ1,408414966,128,116,O2,0.610,"2016-08-10 22:20:17",noraw,0
71435,environ1,408414966,128,117,O2,0.568,"2016-08-10 22:21:28",noraw,0
71443,environ1,408414966,128,117,O2,0.568,"2016-08-10 22:21:28",noraw,0
71535,environ1,408414966,128,120,O2,0.616,"2016-08-10 22:25:01",noraw,0
71552,environ1,408414966,128,120,O2,0.616,"2016-08-10 22:25:01",noraw,0
71706,environ1,408414966,128,123,O2,0.581,"2016-08-10 22:28:34",noraw,0
71746,environ1,408414966,128,124,O2,0.584,"2016-08-10 22:29:46",noraw,0
71871,environ1,408414966,128,126,O2,0.626,"2016-08-10 22:32:08",noraw,0
71875,environ1,408414966,128,126,O2,0.626,"2016-08-10 22:32:08",noraw,0
71896,environ1,408414966,128,127,O2,0.581,"2016-08-10 22:33:19",noraw,0
71917,environ1,408414966,128,127,O2,0.581,"2016-08-10 22:33:19",noraw,0
72039,environ1,408414966,128,130,O2,0.594,"2016-08-10 22:36:53",noraw,0
72090,environ1,408414966,128,131,O2,0.581,"2016-08-10 22:38:04",noraw,0
72118,environ1,408414966,128,131,O2,0.581,"2016-08-10 22:38:04",noraw,0
72209,environ1,408414966,128,133,O2,0.584,"2016-08-10 22:40:26",noraw,0
72220,environ1,408414966,128,133,O2,0.584,"2016-08-10 22:40:26",noraw,0
72241,environ1,408414966,128,134,O2,0.581,"2016-08-10 22:41:37",noraw,0
72371,environ1,408414966,128,137,O2,0.584,"2016-08-10 22:45:11",noraw,0
72391,environ1,408414966,128,137,O2,0.584,"2016-08-10 22:45:11",noraw,0
72518,environ1,408414966,128,140,O2,0.584,"2016-08-10 22:48:44",noraw,0
72576,environ1,408414966,128,141,O2,0.584,"2016-08-10 22:49:55",noraw,0
74649,environ1,408414966,128,195,O2,0.577,"2016-08-10 23:53:58",noraw,0
74766,environ1,408414966,128,198,O2,0.568,"2016-08-10 23:57:31",noraw,0
74803,environ1,408414966,128,199,O2,0.581,"2016-08-10 23:58:42",noraw,0
74901,environ1,408414966,128,201,O2,0.616,"2016-08-11 00:01:04",noraw,0
74937,environ1,408414966,128,202,O2,0.577,"2016-08-11 00:02:16",noraw,0
75038,environ1,408414966,128,204,O2,0.584,"2016-08-11 00:04:38",noraw,0
75052,environ1,408414966,128,204,O2,0.584,"2016-08-11 00:04:38",noraw,0
75253,environ1,408414966,128,211,O2,0.568,"2016-08-11 00:12:56",noraw,0
75295,environ1,408414966,128,212,O2,0.584,"2016-08-11 00:14:07",noraw,0
75477,environ1,408414966,128,219,O2,0.584,"2016-08-11 00:22:25",noraw,0
75498,environ1,408414966,128,219,O2,0.584,"2016-08-11 00:22:25",noraw,0
75652,environ1,408414966,128,226,O2,0.565,"2016-08-11 00:30:43",noraw,0
75750,environ1,408414966,128,229,O2,0.581,"2016-08-11 00:34:17",noraw,0
75960,environ1,408414966,128,236,O2,0.577,"2016-08-11 00:42:35",noraw,0
76072,environ1,408414966,128,239,O2,0.610,"2016-08-11 00:46:08",noraw,0
76303,environ1,408414966,128,245,O2,0.584,"2016-08-11 00:53:15",noraw,0
76338,environ1,408414966,128,246,O2,0.581,"2016-08-11 00:54:26",noraw,0
76429,environ1,408414966,128,249,O2,0.584,"2016-08-11 00:58:00",noraw,0
76534,environ1,408414966,128,252,O2,0.581,"2016-08-11 01:01:33",noraw,0
76576,environ1,408414966,128,253,O2,0.584,"2016-08-11 01:02:45",noraw,0
76667,environ1,408414966,128,0,O2,0.635,"2016-08-11 01:06:18",noraw,0
76786,environ1,408414966,128,4,O2,0.584,"2016-08-11 01:11:02",noraw,0
76898,environ1,408414966,128,7,O2,0.587,"2016-08-11 01:14:36",noraw,0
77108,environ1,408414966,128,14,O2,0.616,"2016-08-11 01:22:54",noraw,0
77220,environ1,408414966,128,17,O2,0.581,"2016-08-11 01:26:27",noraw,0
77472,environ1,408414966,128,24,O2,0.565,"2016-08-11 01:34:46",noraw,0
77507,environ1,408414966,128,25,O2,0.581,"2016-08-11 01:35:56",noraw,0
77598,environ1,408414966,128,27,O2,0.577,"2016-08-11 01:38:19",noraw,0
77626,environ1,408414966,128,28,O2,0.577,"2016-08-11 01:39:30",noraw,0
77752,environ1,408414966,128,31,O2,0.590,"2016-08-11 01:43:04",noraw,0
77843,environ1,408414966,128,33,O2,0.584,"2016-08-11 01:45:26",noraw,0
77871,environ1,408414966,128,34,O2,0.584,"2016-08-11 01:46:37",noraw,0
77906,environ1,408414966,128,35,O2,0.581,"2016-08-11 01:47:48",noraw,0
77962,environ1,408414966,128,36,O2,0.581,"2016-08-11 01:48:59",noraw,0
77997,environ1,408414966,128,37,O2,0.581,"2016-08-11 01:50:11",noraw,0
78032,environ1,408414966,128,38,O2,0.581,"2016-08-11 01:51:22",noraw,0
78123,environ1,408414966,128,40,O2,0.587,"2016-08-11 01:53:44",noraw,0
78151,environ1,408414966,128,41,O2,0.581,"2016-08-11 01:54:55",noraw,0
78235,environ1,408414966,128,43,O2,0.584,"2016-08-11 01:57:17",noraw,0
78256,environ1,408414966,128,44,O2,0.584,"2016-08-11 01:58:29",noraw,0
78298,environ1,408414966,128,45,O2,0.584,"2016-08-11 01:59:40",noraw,0
78354,environ1,408414966,128,47,O2,0.584,"2016-08-11 02:02:02",noraw,0
78403,environ1,408414966,128,48,O2,0.568,"2016-08-11 02:03:13",noraw,0
78445,environ1,408414966,128,50,O2,0.603,"2016-08-11 02:05:35",noraw,0
78473,environ1,408414966,128,51,O2,0.565,"2016-08-11 02:06:47",noraw,0
78592,environ1,408414966,128,55,O2,0.584,"2016-08-11 02:11:31",noraw,0
78816,environ1,408414966,128,62,O2,0.577,"2016-08-11 02:19:49",noraw,0
78935,environ1,408414966,128,65,O2,0.574,"2016-08-11 02:23:23",noraw,0
79166,environ1,408414966,128,72,O2,0.581,"2016-08-11 02:31:41",noraw,0
79208,environ1,408414966,128,73,O2,0.597,"2016-08-11 02:32:52",noraw,0
79292,environ1,408414966,128,75,O2,0.590,"2016-08-11 02:35:14",noraw,0
79327,environ1,408414966,128,76,O2,0.577,"2016-08-11 02:36:26",noraw,0
79481,environ1,408414966,128,80,O2,0.587,"2016-08-11 02:41:10",noraw,0
79523,environ1,408414966,128,81,O2,0.577,"2016-08-11 02:42:21",noraw,0
79551,environ1,408414966,128,82,O2,0.616,"2016-08-11 02:43:32",noraw,0
79586,environ1,408414966,128,83,O2,0.581,"2016-08-11 02:44:43",noraw,0
79635,environ1,408414966,128,84,O2,0.584,"2016-08-11 02:45:54",noraw,0
79663,environ1,408414966,128,85,O2,0.581,"2016-08-11 02:47:06",noraw,0
79698,environ1,408414966,128,86,O2,0.577,"2016-08-11 02:48:17",noraw,0
79754,environ1,408414966,128,87,O2,0.581,"2016-08-11 02:49:28",noraw,0
79758,environ1,408414966,128,87,O2,0.581,"2016-08-11 02:49:28",noraw,0
79793,environ1,408414966,128,88,O2,0.581,"2016-08-11 02:50:39",noraw,0
79828,environ1,408414966,128,89,O2,0.581,"2016-08-11 02:51:50",noraw,0
79905,environ1,408414966,128,91,O2,0.581,"2016-08-11 02:54:12",noraw,0
79926,environ1,408414966,128,92,O2,0.584,"2016-08-11 02:55:24",noraw,0
80003,environ1,408414966,128,94,O2,0.584,"2016-08-11 02:57:46",noraw,0
80031,environ1,408414966,128,95,O2,0.584,"2016-08-11 02:58:57",noraw,0
80074,environ1,408414966,128,96,O2,0.606,"2016-08-11 03:00:08",noraw,0
80109,environ1,408414966,128,97,O2,0.584,"2016-08-11 03:01:20",noraw,0
80137,environ1,408414966,128,98,O2,0.574,"2016-08-11 03:02:30",noraw,0
80179,environ1,408414966,128,99,O2,0.584,"2016-08-11 03:03:42",noraw,0
80298,environ1,408414966,128,104,O2,0.619,"2016-08-11 03:09:38",noraw,0
80375,environ1,408414966,128,106,O2,0.581,"2016-08-11 03:12:00",noraw,0
80473,environ1,408414966,128,109,O2,0.610,"2016-08-11 03:15:33",noraw,0
80508,environ1,408414966,128,110,O2,0.584,"2016-08-11 03:16:45",noraw,0
80587,environ1,408414966,128,112,O2,0.590,"2016-08-11 03:19:07",noraw,0
80622,environ1,408414966,128,113,O2,0.581,"2016-08-11 03:20:18",noraw,0
80675,environ1,408414966,128,114,O2,0.584,"2016-08-11 03:21:29",noraw,0
80734,environ1,408414966,128,115,O2,0.581,"2016-08-11 03:22:40",noraw,0
80770,environ1,408414966,128,116,O2,0.581,"2016-08-11 03:23:51",noraw,0
80807,environ1,408414966,128,117,O2,0.619,"2016-08-11 03:25:03",noraw,0
80850,environ1,408414966,128,118,O2,0.581,"2016-08-11 03:26:14",noraw,0
80851,environ1,408414966,128,118,O2,0.581,"2016-08-11 03:26:14",noraw,0
80879,environ1,408414966,128,119,O2,0.574,"2016-08-11 03:27:25",noraw,0
80914,environ1,408414966,128,120,O2,0.581,"2016-08-11 03:28:36",noraw,0
80984,environ1,408414966,128,121,O2,0.610,"2016-08-11 03:29:47",noraw,0
81024,environ1,408414966,128,122,O2,0.590,"2016-08-11 03:30:58",noraw,0
81055,environ1,408414966,128,123,O2,0.581,"2016-08-11 03:32:09",noraw,0
81155,environ1,408414966,128,125,O2,0.581,"2016-08-11 03:34:32",noraw,0
81165,environ1,408414966,128,125,O2,0.581,"2016-08-11 03:34:32",noraw,0
81192,environ1,408414966,128,126,O2,0.577,"2016-08-11 03:35:43",noraw,0
81267,environ1,408414966,128,128,O2,0.581,"2016-08-11 03:38:05",noraw,0
81295,environ1,408414966,128,129,O2,0.581,"2016-08-11 03:39:17",noraw,0
81330,environ1,408414966,128,130,O2,0.577,"2016-08-11 03:40:28",noraw,0
81339,environ1,408414966,128,130,O2,0.577,"2016-08-11 03:40:28",noraw,0
81410,environ1,408414966,128,131,O2,0.581,"2016-08-11 03:41:39",noraw,0
81456,environ1,408414966,128,132,O2,0.597,"2016-08-11 03:42:50",noraw,0
81487,environ1,408414966,128,133,O2,0.600,"2016-08-11 03:44:01",noraw,0
81598,environ1,408414966,128,135,O2,0.577,"2016-08-11 03:46:23",noraw,0
81635,environ1,408414966,128,136,O2,0.584,"2016-08-11 03:47:35",noraw,0
81649,environ1,408414966,128,136,O2,0.584,"2016-08-11 03:47:35",noraw,0
81704,environ1,408414966,128,137,O2,0.581,"2016-08-11 03:48:45",noraw,0
81746,environ1,408414966,128,138,O2,0.581,"2016-08-11 03:49:57",noraw,0
81788,environ1,408414966,128,139,O2,0.584,"2016-08-11 03:51:08",noraw,0
81846,environ1,408414966,128,140,O2,0.574,"2016-08-11 03:52:19",noraw,0
81860,environ1,408414966,128,140,O2,0.574,"2016-08-11 03:52:19",noraw,0
81902,environ1,408414966,128,141,O2,0.574,"2016-08-11 03:53:30",noraw,0
81962,environ1,408414966,128,142,O2,0.577,"2016-08-11 03:54:42",noraw,0
82004,environ1,408414966,128,143,O2,0.619,"2016-08-11 03:55:53",noraw,0
82119,environ1,408414966,128,146,O2,0.581,"2016-08-11 03:59:26",noraw,0
82133,environ1,408414966,128,146,O2,0.581,"2016-08-11 03:59:26",noraw,0
82236,environ1,408414966,128,148,O2,0.584,"2016-08-11 04:01:48",noraw,0
82277,environ1,408414966,128,149,O2,0.581,"2016-08-11 04:02:59",noraw,0
82333,environ1,408414966,128,150,O2,0.581,"2016-08-11 04:04:11",noraw,0
82347,environ1,408414966,128,150,O2,0.581,"2016-08-11 04:04:11",noraw,0
82417,environ1,408414966,128,152,O2,0.577,"2016-08-11 04:06:33",noraw,0
82458,environ1,408414966,128,153,O2,0.581,"2016-08-11 04:07:44",noraw,0
82528,environ1,408414966,128,155,O2,0.581,"2016-08-11 04:10:06",noraw,0
82579,environ1,408414966,128,156,O2,0.603,"2016-08-11 04:11:17",noraw,0
82600,environ1,408414966,128,156,O2,0.603,"2016-08-11 04:11:17",noraw,0
82667,environ1,408414966,128,158,O2,0.584,"2016-08-11 04:13:40",noraw,0
82730,environ1,408414966,128,159,O2,0.584,"2016-08-11 04:14:51",noraw,0
82772,environ1,408414966,128,160,O2,0.568,"2016-08-11 04:16:02",noraw,0
82827,environ1,408414966,128,162,O2,0.581,"2016-08-11 04:18:24",noraw,0
82841,environ1,408414966,128,162,O2,0.581,"2016-08-11 04:18:24",noraw,0
82864,environ1,408414966,128,163,O2,0.584,"2016-08-11 04:19:36",noraw,0
82871,environ1,408414966,128,163,O2,0.584,"2016-08-11 04:19:36",noraw,0
82905,environ1,408414966,128,164,O2,0.565,"2016-08-11 04:20:47",noraw,0
82971,environ1,408414966,128,166,O2,0.577,"2016-08-11 04:23:09",noraw,0
83014,environ1,408414966,128,167,O2,0.577,"2016-08-11 04:24:20",noraw,0
83487,environ1,408414966,128,184,O2,0.610,"2016-08-11 04:44:30",noraw,0
83810,environ1,408414966,128,194,O2,0.581,"2016-08-11 04:56:21",noraw,0
83915,environ1,408414966,128,197,O2,0.568,"2016-08-11 04:59:55",noraw,0
83960,environ1,408414966,128,198,O2,0.568,"2016-08-11 05:01:06",noraw,0
84088,environ1,408414966,128,201,O2,0.581,"2016-08-11 05:04:40",noraw,0
84207,environ1,408414966,128,204,O2,0.584,"2016-08-11 05:08:13",noraw,0
84319,environ1,408414966,128,207,O2,0.584,"2016-08-11 05:11:47",noraw,0
84361,environ1,408414966,128,208,O2,0.584,"2016-08-11 05:12:58",noraw,0
84438,environ1,408414966,128,210,O2,0.568,"2016-08-11 05:15:20",noraw,0
84473,environ1,408414966,128,211,O2,0.584,"2016-08-11 05:16:32",noraw,0
84566,environ1,408414966,128,214,O2,0.581,"2016-08-11 05:20:05",noraw,0
84601,environ1,408414966,128,215,O2,0.584,"2016-08-11 05:21:16",noraw,0
84692,environ1,408414966,128,217,O2,0.568,"2016-08-11 05:23:39",noraw,0
84713,environ1,408414966,128,218,O2,0.584,"2016-08-11 05:24:50",noraw,0
84804,environ1,408414966,128,221,O2,0.584,"2016-08-11 05:28:24",noraw,0
84846,environ1,408414966,128,222,O2,0.568,"2016-08-11 05:29:36",noraw,0
84902,environ1,408414966,128,224,O2,0.581,"2016-08-11 05:31:58",noraw,0
84937,environ1,408414966,128,225,O2,0.571,"2016-08-11 05:33:10",noraw,0
85014,environ1,408414966,128,227,O2,0.581,"2016-08-11 05:35:32",noraw,0
85119,environ1,408414966,128,231,O2,0.577,"2016-08-11 05:40:17",noraw,0
85161,environ1,408414966,128,232,O2,0.606,"2016-08-11 05:41:29",noraw,0
85217,environ1,408414966,128,234,O2,0.619,"2016-08-11 05:43:51",noraw,0
85315,environ1,408414966,128,238,O2,0.581,"2016-08-11 05:48:37",noraw,0
85357,environ1,408414966,128,239,O2,0.577,"2016-08-11 05:49:48",noraw,0
85532,environ1,408414966,128,246,O2,0.584,"2016-08-11 05:58:07",noraw,0
85840,environ1,408414966,128,0,O2,0.584,"2016-08-11 06:09:58",noraw,0
86064,environ1,408414966,128,7,O2,0.581,"2016-08-11 06:18:17",noraw,0
86176,environ1,408414966,128,10,O2,0.577,"2016-08-11 06:21:50",noraw,0
86421,environ1,408414966,128,17,O2,0.581,"2016-08-11 06:30:08",noraw,0
86547,environ1,408414966,128,20,O2,0.577,"2016-08-11 06:33:41",noraw,0
86701,environ1,408414966,128,24,O2,0.581,"2016-08-11 06:38:26",noraw,0
86785,environ1,408414966,128,26,O2,0.581,"2016-08-11 06:40:48",noraw,0
86806,environ1,408414966,128,27,O2,0.581,"2016-08-11 06:42:00",noraw,0
86911,environ1,408414966,128,30,O2,0.584,"2016-08-11 06:45:33",noraw,0
86946,environ1,408414966,128,31,O2,0.584,"2016-08-11 06:46:44",noraw,0
87030,environ1,408414966,128,33,O2,0.619,"2016-08-11 06:49:06",noraw,0
87058,environ1,408414966,128,34,O2,0.594,"2016-08-11 06:50:17",noraw,0
87149,environ1,408414966,128,36,O2,0.581,"2016-08-11 06:52:40",noraw,0
87177,environ1,408414966,128,37,O2,0.581,"2016-08-11 06:53:51",noraw,0
87289,environ1,408414966,128,40,O2,0.574,"2016-08-11 06:57:24",noraw,0
87324,environ1,408414966,128,41,O2,0.587,"2016-08-11 06:58:35",noraw,0
87401,environ1,408414966,128,43,O2,0.581,"2016-08-11 07:00:58",noraw,0
87436,environ1,408414966,128,44,O2,0.597,"2016-08-11 07:02:09",noraw,0
87527,environ1,408414966,128,47,O2,0.581,"2016-08-11 07:05:42",noraw,0
87562,environ1,408414966,128,48,O2,0.581,"2016-08-11 07:06:53",noraw,0
87625,environ1,408414966,128,50,O2,0.581,"2016-08-11 07:09:16",noraw,0
87667,environ1,408414966,128,51,O2,0.584,"2016-08-11 07:10:27",noraw,0
87751,environ1,408414966,128,53,O2,0.581,"2016-08-11 07:12:49",noraw,0
87772,environ1,408414966,128,54,O2,0.581,"2016-08-11 07:14:01",noraw,0
87863,environ1,408414966,128,57,O2,0.581,"2016-08-11 07:17:34",noraw,0
87905,environ1,408414966,128,58,O2,0.581,"2016-08-11 07:18:45",noraw,0
87968,environ1,408414966,128,60,O2,0.613,"2016-08-11 07:21:07",noraw,0
88004,environ1,408414966,128,61,O2,0.623,"2016-08-11 07:22:19",noraw,0
88102,environ1,408414966,128,64,O2,0.581,"2016-08-11 07:25:52",noraw,0
88329,environ1,408414966,128,71,O2,0.581,"2016-08-11 07:34:10",noraw,0
89727,environ1,408414966,128,112,O2,0.587,"2016-08-11 08:22:49",noraw,0
90116,environ1,408414966,128,119,O2,0.574,"2016-08-11 08:31:08",noraw,0
90277,environ1,408414966,128,122,O2,0.577,"2016-08-11 08:34:42",noraw,0
90346,environ1,408414966,128,123,O2,0.565,"2016-08-11 08:35:53",noraw,0
90448,environ1,408414966,128,125,O2,0.568,"2016-08-11 08:38:16",noraw,0
90469,environ1,408414966,128,125,O2,0.568,"2016-08-11 08:38:16",noraw,0
90497,environ1,408414966,128,126,O2,0.577,"2016-08-11 08:39:27",noraw,0
90511,environ1,408414966,128,126,O2,0.577,"2016-08-11 08:39:27",noraw,0
90619,environ1,408414966,128,128,O2,0.577,"2016-08-11 08:41:50",noraw,0
90655,environ1,408414966,128,129,O2,0.571,"2016-08-11 08:43:01",noraw,0
90794,environ1,408414966,128,132,O2,0.577,"2016-08-11 08:46:35",noraw,0
90850,environ1,408414966,128,133,O2,0.577,"2016-08-11 08:47:46",noraw,0
90954,environ1,408414966,128,135,O2,0.616,"2016-08-11 08:50:08",noraw,0
90980,environ1,408414966,128,136,O2,0.571,"2016-08-11 08:51:20",noraw,0
91090,environ1,408414966,128,139,O2,0.577,"2016-08-11 08:54:54",noraw,0
91135,environ1,408414966,128,140,O2,0.568,"2016-08-11 08:56:05",noraw,0
91322,environ1,408414966,128,146,O2,0.574,"2016-08-11 09:03:12",noraw,0
91426,environ1,408414966,128,149,O2,0.577,"2016-08-11 09:06:46",noraw,0
91461,environ1,408414966,128,150,O2,0.571,"2016-08-11 09:07:57",noraw,0
91872,environ1,408414966,128,164,O2,0.577,"2016-08-11 09:24:35",noraw,0
92087,environ1,408414966,128,171,O2,0.577,"2016-08-11 09:32:54",noraw,0
92202,environ1,408414966,128,174,O2,0.574,"2016-08-11 09:36:28",noraw,0
92356,environ1,408414966,128,178,O2,0.577,"2016-08-11 09:41:13",noraw,0
92433,environ1,408414966,128,180,O2,0.568,"2016-08-11 09:43:35",noraw,0
92461,environ1,408414966,128,181,O2,0.577,"2016-08-11 09:44:47",noraw,0
92580,environ1,408414966,128,184,O2,0.574,"2016-08-11 09:48:21",noraw,0
92608,environ1,408414966,128,185,O2,0.594,"2016-08-11 09:49:32",noraw,0
92699,environ1,408414966,128,187,O2,0.561,"2016-08-11 09:51:54",noraw,0
92727,environ1,408414966,128,188,O2,0.577,"2016-08-11 09:53:06",noraw,0
92818,environ1,408414966,128,191,O2,0.577,"2016-08-11 09:56:39",noraw,0
92860,environ1,408414966,128,192,O2,0.577,"2016-08-11 09:57:51",noraw,0
92944,environ1,408414966,128,194,O2,0.581,"2016-08-11 10:00:13",noraw,0
92972,environ1,408414966,128,195,O2,0.577,"2016-08-11 10:01:25",noraw,0
93063,environ1,408414966,128,198,O2,0.581,"2016-08-11 10:04:58",noraw,0
93105,environ1,408414966,128,199,O2,0.581,"2016-08-11 10:06:09",noraw,0
93161,environ1,408414966,128,201,O2,0.571,"2016-08-11 10:08:31",noraw,0
93203,environ1,408414966,128,202,O2,0.581,"2016-08-11 10:09:43",noraw,0
93266,environ1,408414966,128,204,O2,0.574,"2016-08-11 10:12:05",noraw,0
93294,environ1,408414966,128,205,O2,0.565,"2016-08-11 10:13:16",noraw,0
93371,environ1,408414966,128,208,O2,0.577,"2016-08-11 10:16:50",noraw,0
93420,environ1,408414966,128,209,O2,0.581,"2016-08-11 10:18:01",noraw,0
93483,environ1,408414966,128,211,O2,0.574,"2016-08-11 10:20:24",noraw,0
93511,environ1,408414966,128,212,O2,0.603,"2016-08-11 10:21:35",noraw,0
93581,environ1,408414966,128,215,O2,0.584,"2016-08-11 10:25:09",noraw,0
93623,environ1,408414966,128,216,O2,0.571,"2016-08-11 10:26:20",noraw,0
94092,environ1,408414966,128,233,O2,0.568,"2016-08-11 10:46:32",noraw,0
94379,environ1,408414966,128,240,O2,0.568,"2016-08-11 10:54:51",noraw,0
94498,environ1,408414966,128,243,O2,0.571,"2016-08-11 10:58:25",noraw,0
94533,environ1,408414966,128,244,O2,0.558,"2016-08-11 10:59:36",noraw,0
94610,environ1,408414966,128,246,O2,0.568,"2016-08-11 11:01:59",noraw,0
94645,environ1,408414966,128,247,O2,0.571,"2016-08-11 11:03:10",noraw,0
94736,environ1,408414966,128,249,O2,0.565,"2016-08-11 11:05:32",noraw,0
94764,environ1,408414966,128,250,O2,0.565,"2016-08-11 11:06:43",noraw,0
94799,environ1,408414966,128,251,O2,0.568,"2016-08-11 11:07:55",noraw,0
94862,environ1,408414966,128,253,O2,0.594,"2016-08-11 11:10:17",noraw,0
94897,environ1,408414966,128,254,O2,0.561,"2016-08-11 11:11:29",noraw,0
94974,environ1,408414966,128,0,O2,0.571,"2016-08-11 11:13:51",noraw,0
95002,environ1,408414966,128,1,O2,0.577,"2016-08-11 11:15:02",noraw,0
95100,environ1,408414966,128,4,O2,0.574,"2016-08-11 11:18:35",noraw,0
95142,environ1,408414966,128,5,O2,0.568,"2016-08-11 11:19:46",noraw,0
95198,environ1,408414966,128,7,O2,0.574,"2016-08-11 11:22:09",noraw,0
95240,environ1,408414966,128,8,O2,0.574,"2016-08-11 11:23:20",noraw,0
95324,environ1,408414966,128,10,O2,0.594,"2016-08-11 11:25:42",noraw,0
95345,environ1,408414966,128,11,O2,0.577,"2016-08-11 11:26:54",noraw,0
95429,environ1,408414966,128,14,O2,0.606,"2016-08-11 11:30:27",noraw,0
95471,environ1,408414966,128,15,O2,0.581,"2016-08-11 11:31:38",noraw,0
95534,environ1,408414966,128,17,O2,0.616,"2016-08-11 11:34:00",noraw,0
95562,environ1,408414966,128,18,O2,0.571,"2016-08-11 11:35:12",noraw,0
95653,environ1,408414966,128,21,O2,0.568,"2016-08-11 11:38:45",noraw,0
95751,environ1,408414966,128,24,O2,0.571,"2016-08-11 11:42:19",noraw,0
95793,environ1,408414966,128,25,O2,0.581,"2016-08-11 11:43:30",noraw,0
95856,environ1,408414966,128,27,O2,0.581,"2016-08-11 11:45:52",noraw,0
95884,environ1,408414966,128,28,O2,0.577,"2016-08-11 11:47:03",noraw,0
95982,environ1,408414966,128,31,O2,0.584,"2016-08-11 11:50:37",noraw,0
96073,environ1,408414966,128,34,O2,0.574,"2016-08-11 11:54:10",noraw,0
96115,environ1,408414966,128,35,O2,0.568,"2016-08-11 11:55:21",noraw,0
96185,environ1,408414966,128,38,O2,0.577,"2016-08-11 11:58:55",noraw,0
96255,environ1,408414966,128,41,O2,0.581,"2016-08-11 12:02:28",noraw,0
96297,environ1,408414966,128,42,O2,0.600,"2016-08-11 12:03:39",noraw,0
96738,environ1,408414966,128,59,O2,0.577,"2016-08-11 12:23:49",noraw,0
97023,environ1,408414966,128,69,O2,0.574,"2016-08-11 12:35:40",noraw,0
97144,environ1,408414966,128,72,O2,0.581,"2016-08-11 12:39:14",noraw,0
97277,environ1,408414966,128,76,O2,0.587,"2016-08-11 12:43:58",noraw,0
97397,environ1,408414966,128,79,O2,0.581,"2016-08-11 12:47:32",noraw,0
97410,environ1,408414966,128,79,O2,0.581,"2016-08-11 12:47:32",noraw,0
97545,environ1,408414966,128,82,O2,0.584,"2016-08-11 12:51:06",noraw,0
97595,environ1,408414966,128,83,O2,0.597,"2016-08-11 12:52:17",noraw,0
97612,environ1,408414966,128,83,O2,0.597,"2016-08-11 12:52:17",noraw,0
97755,environ1,408414966,128,86,O2,0.584,"2016-08-11 12:55:50",noraw,0
97881,environ1,408414966,128,89,O2,0.584,"2016-08-11 12:59:23",noraw,0
97891,environ1,408414966,128,89,O2,0.584,"2016-08-11 12:59:23",noraw,0
98013,environ1,408414966,128,92,O2,0.584,"2016-08-11 13:02:57",noraw,0
98061,environ1,408414966,128,93,O2,0.590,"2016-08-11 13:04:08",noraw,0
98187,environ1,408414966,128,95,O2,0.590,"2016-08-11 13:06:30",noraw,0
98246,environ1,408414966,128,96,O2,0.584,"2016-08-11 13:07:41",noraw,0
98406,environ1,408414966,128,99,O2,0.590,"2016-08-11 13:11:15",noraw,0
98420,environ1,408414966,128,99,O2,0.590,"2016-08-11 13:11:15",noraw,0
98455,environ1,408414966,128,100,O2,0.590,"2016-08-11 13:12:26",noraw,0
98476,environ1,408414966,128,100,O2,0.590,"2016-08-11 13:12:26",noraw,0
98577,environ1,408414966,128,102,O2,0.587,"2016-08-11 13:14:49",noraw,0
98605,environ1,408414966,128,103,O2,0.587,"2016-08-11 13:16:00",noraw,0
98731,environ1,408414966,128,105,O2,0.603,"2016-08-11 13:18:23",noraw,0
98745,environ1,408414966,128,105,O2,0.603,"2016-08-11 13:18:23",noraw,0
98773,environ1,408414966,128,106,O2,0.584,"2016-08-11 13:19:34",noraw,0
98794,environ1,408414966,128,106,O2,0.584,"2016-08-11 13:19:34",noraw,0
98915,environ1,408414966,128,109,O2,0.584,"2016-08-11 13:23:08",noraw,0
98968,environ1,408414966,128,110,O2,0.574,"2016-08-11 13:24:19",noraw,0
98989,environ1,408414966,128,110,O2,0.574,"2016-08-11 13:24:19",noraw,0
99081,environ1,408414966,128,112,O2,0.571,"2016-08-11 13:26:42",noraw,0
99095,environ1,408414966,128,112,O2,0.571,"2016-08-11 13:26:42",noraw,0
99116,environ1,408414966,128,113,O2,0.574,"2016-08-11 13:27:53",noraw,0
99227,environ1,408414966,128,116,O2,0.581,"2016-08-11 13:31:27",noraw,0
99248,environ1,408414966,128,116,O2,0.581,"2016-08-11 13:31:27",noraw,0
99278,environ1,408414966,128,117,O2,0.587,"2016-08-11 13:32:38",noraw,0
99292,environ1,408414966,128,117,O2,0.587,"2016-08-11 13:32:38",noraw,0
99394,environ1,408414966,128,119,O2,0.574,"2016-08-11 13:35:00",noraw,0
99438,environ1,408414966,128,120,O2,0.577,"2016-08-11 13:36:12",noraw,0
99560,environ1,408414966,128,123,O2,0.587,"2016-08-11 13:39:46",noraw,0
99609,environ1,408414966,128,124,O2,0.581,"2016-08-11 13:40:57",noraw,0
99672,environ1,408414966,128,126,O2,0.577,"2016-08-11 13:43:20",noraw,0
99693,environ1,408414966,128,126,O2,0.577,"2016-08-11 13:43:20",noraw,0
99716,environ1,408414966,128,127,O2,0.581,"2016-08-11 13:44:31",noraw,0
99733,environ1,408414966,128,127,O2,0.581,"2016-08-11 13:44:31",noraw,0
100252,environ1,408414966,128,141,O2,0.577,"2016-08-11 14:01:09",noraw,0
100529,environ1,408414966,128,148,O2,0.632,"2016-08-11 14:09:27",noraw,0
100646,environ1,408414966,128,151,O2,0.635,"2016-08-11 14:13:00",noraw,0
100826,environ1,408414966,128,155,O2,0.571,"2016-08-11 14:17:46",noraw,0
100911,environ1,408414966,128,157,O2,0.581,"2016-08-11 14:20:08",noraw,0
100939,environ1,408414966,128,158,O2,0.577,"2016-08-11 14:21:20",noraw,0
101055,environ1,408414966,128,161,O2,0.577,"2016-08-11 14:24:54",noraw,0
101091,environ1,408414966,128,162,O2,0.597,"2016-08-11 14:26:05",noraw,0
101183,environ1,408414966,128,164,O2,0.577,"2016-08-11 14:28:28",noraw,0
101211,environ1,408414966,128,165,O2,0.574,"2016-08-11 14:29:39",noraw,0
101304,environ1,408414966,128,168,O2,0.565,"2016-08-11 14:33:13",noraw,0
101339,environ1,408414966,128,169,O2,0.574,"2016-08-11 14:34:24",noraw,0
101409,environ1,408414966,128,171,O2,0.574,"2016-08-11 14:36:47",noraw,0
101444,environ1,408414966,128,172,O2,0.577,"2016-08-11 14:37:58",noraw,0
101528,environ1,408414966,128,175,O2,0.577,"2016-08-11 14:41:32",noraw,0
101626,environ1,408414966,128,178,O2,0.574,"2016-08-11 14:45:06",noraw,0
101661,environ1,408414966,128,179,O2,0.568,"2016-08-11 14:46:17",noraw,0
101745,environ1,408414966,128,182,O2,0.577,"2016-08-11 14:49:51",noraw,0
101829,environ1,408414966,128,185,O2,0.565,"2016-08-11 14:53:25",noraw,0
102060,environ1,408414966,128,193,O2,0.577,"2016-08-11 15:02:55",noraw,0
102242,environ1,408414966,128,200,O2,0.597,"2016-08-11 15:11:13",noraw,0
102333,environ1,408414966,128,203,O2,0.577,"2016-08-11 15:14:47",noraw,0
102543,environ1,408414966,128,210,O2,0.590,"2016-08-11 15:23:06",noraw,0
102662,environ1,408414966,128,213,O2,0.577,"2016-08-11 15:26:40",noraw,0
102683,environ1,408414966,128,214,O2,0.577,"2016-08-11 15:27:51",noraw,0
102774,environ1,408414966,128,216,O2,0.584,"2016-08-11 15:30:13",noraw,0
102809,environ1,408414966,128,217,O2,0.574,"2016-08-11 15:31:25",noraw,0
102907,environ1,408414966,128,220,O2,0.574,"2016-08-11 15:34:59",noraw,0
102935,environ1,408414966,128,221,O2,0.561,"2016-08-11 15:36:10",noraw,0
103026,environ1,408414966,128,223,O2,0.565,"2016-08-11 15:38:33",noraw,0
103047,environ1,408414966,128,224,O2,0.561,"2016-08-11 15:39:44",noraw,0
103145,environ1,408414966,128,227,O2,0.565,"2016-08-11 15:43:18",noraw,0
103180,environ1,408414966,128,228,O2,0.558,"2016-08-11 15:44:29",noraw,0
103222,environ1,408414966,128,230,O2,0.568,"2016-08-11 15:46:51",noraw,0
103257,environ1,408414966,128,231,O2,0.568,"2016-08-11 15:48:03",noraw,0
103425,environ1,408414966,128,237,O2,0.561,"2016-08-11 15:55:10",noraw,0
103460,environ1,408414966,128,238,O2,0.565,"2016-08-11 15:56:22",noraw,0
103551,environ1,408414966,128,241,O2,0.577,"2016-08-11 15:59:56",noraw,0
103628,environ1,408414966,128,244,O2,0.565,"2016-08-11 16:03:29",noraw,0
103712,environ1,408414966,128,247,O2,0.548,"2016-08-11 16:07:02",noraw,0
103740,environ1,408414966,128,248,O2,0.565,"2016-08-11 16:08:14",noraw,0
104111,environ1,408414966,128,6,O2,0.577,"2016-08-11 16:24:51",noraw,0
104377,environ1,408414966,128,16,O2,0.577,"2016-08-11 16:36:42",noraw,0
104580,environ1,408414966,128,23,O2,0.577,"2016-08-11 16:45:00",noraw,0
104678,environ1,408414966,128,26,O2,0.574,"2016-08-11 16:48:33",noraw,0
104790,environ1,408414966,128,29,O2,0.568,"2016-08-11 16:52:07",noraw,0
104825,environ1,408414966,128,30,O2,0.565,"2016-08-11 16:53:18",noraw,0
104937,environ1,408414966,128,33,O2,0.577,"2016-08-11 16:56:51",noraw,0
105056,environ1,408414966,128,36,O2,0.577,"2016-08-11 17:00:25",noraw,0
105175,environ1,408414966,128,39,O2,0.565,"2016-08-11 17:03:59",noraw,0
105224,environ1,408414966,128,40,O2,0.568,"2016-08-11 17:05:10",noraw,0
105308,environ1,408414966,128,42,O2,0.577,"2016-08-11 17:07:32",noraw,0
105336,environ1,408414966,128,43,O2,0.574,"2016-08-11 17:08:43",noraw,0
105448,environ1,408414966,128,46,O2,0.574,"2016-08-11 17:12:17",noraw,0
105476,environ1,408414966,128,47,O2,0.616,"2016-08-11 17:13:28",noraw,0
105560,environ1,408414966,128,49,O2,0.565,"2016-08-11 17:15:50",noraw,0
105595,environ1,408414966,128,50,O2,0.558,"2016-08-11 17:17:01",noraw,0
105679,environ1,408414966,128,52,O2,0.594,"2016-08-11 17:19:24",noraw,0
105707,environ1,408414966,128,53,O2,0.577,"2016-08-11 17:20:35",noraw,0
105812,environ1,408414966,128,56,O2,0.568,"2016-08-11 17:24:08",noraw,0
105840,environ1,408414966,128,57,O2,0.577,"2016-08-11 17:25:19",noraw,0
105923,environ1,408414966,128,59,O2,0.574,"2016-08-11 17:27:42",noraw,0
105951,environ1,408414966,128,60,O2,0.571,"2016-08-11 17:28:53",noraw,0
106037,environ1,408414966,128,62,O2,0.577,"2016-08-11 17:31:15",noraw,0
106065,environ1,408414966,128,63,O2,0.577,"2016-08-11 17:32:26",noraw,0
106100,environ1,408414966,128,64,O2,0.577,"2016-08-11 17:33:38",noraw,0
106141,environ1,408414966,128,65,O2,0.574,"2016-08-11 17:34:49",noraw,0
106169,environ1,408414966,128,66,O2,0.603,"2016-08-11 17:36:00",noraw,0
106209,environ1,408414966,128,67,O2,0.577,"2016-08-11 17:37:11",noraw,0
106283,environ1,408414966,128,69,O2,0.568,"2016-08-11 17:39:33",noraw,0
106311,environ1,408414966,128,70,O2,0.603,"2016-08-11 17:40:44",noraw,0
106411,environ1,408414966,128,73,O2,0.577,"2016-08-11 17:44:18",noraw,0
106465,environ1,408414966,128,74,O2,0.577,"2016-08-11 17:45:29",noraw,0
106475,environ1,408414966,128,74,O2,0.577,"2016-08-11 17:45:29",noraw,0
106540,environ1,408414966,128,76,O2,0.574,"2016-08-11 17:47:51",noraw,0
106589,environ1,408414966,128,77,O2,0.561,"2016-08-11 17:49:02",noraw,0
106675,environ1,408414966,128,80,O2,0.574,"2016-08-11 17:52:36",noraw,0
106790,environ1,408414966,128,83,O2,0.568,"2016-08-11 17:56:09",noraw,0
106840,environ1,408414966,128,84,O2,0.565,"2016-08-11 17:57:21",noraw,0
106850,environ1,408414966,128,84,O2,0.565,"2016-08-11 17:57:21",noraw,0
106909,environ1,408414966,128,86,O2,0.577,"2016-08-11 17:59:43",noraw,0
106919,environ1,408414966,128,86,O2,0.577,"2016-08-11 17:59:43",noraw,0
107045,environ1,408414966,128,90,O2,0.577,"2016-08-11 18:04:27",noraw,0
107065,environ1,408414966,128,90,O2,0.577,"2016-08-11 18:04:27",noraw,0
107159,environ1,408414966,128,92,O2,0.577,"2016-08-11 18:06:50",noraw,0
107252,environ1,408414966,128,94,O2,0.577,"2016-08-11 18:09:12",noraw,0
107350,environ1,408414966,128,97,O2,0.577,"2016-08-11 18:12:46",noraw,0
107357,environ1,408414966,128,97,O2,0.577,"2016-08-11 18:12:46",noraw,0
107434,environ1,408414966,128,99,O2,0.574,"2016-08-11 18:15:08",noraw,0
107479,environ1,408414966,128,100,O2,0.577,"2016-08-11 18:16:19",noraw,0
107500,environ1,408414966,128,100,O2,0.577,"2016-08-11 18:16:19",noraw,0
107530,environ1,408414966,128,101,O2,0.577,"2016-08-11 18:17:30",noraw,0
107544,environ1,408414966,128,101,O2,0.577,"2016-08-11 18:17:30",noraw,0
107771,environ1,408414966,128,108,O2,0.577,"2016-08-11 18:25:49",noraw,0
108085,environ1,408414966,128,118,O2,0.568,"2016-08-11 18:37:42",noraw,0
108144,environ1,408414966,128,119,O2,0.577,"2016-08-11 18:38:53",noraw,0
108282,environ1,408414966,128,122,O2,0.603,"2016-08-11 18:42:27",noraw,0
108296,environ1,408414966,128,122,O2,0.603,"2016-08-11 18:42:27",noraw,0
108455,environ1,408414966,128,125,O2,0.577,"2016-08-11 18:46:01",noraw,0
108504,environ1,408414966,128,126,O2,0.577,"2016-08-11 18:47:12",noraw,0
108595,environ1,408414966,128,128,O2,0.565,"2016-08-11 18:49:35",noraw,0
108640,environ1,408414966,128,129,O2,0.574,"2016-08-11 18:50:46",noraw,0
108697,environ1,408414966,128,130,O2,0.581,"2016-08-11 18:51:57",noraw,0
108742,environ1,408414966,128,131,O2,0.571,"2016-08-11 18:53:09",noraw,0
108765,environ1,408414966,128,132,O2,0.577,"2016-08-11 18:54:20",noraw,0
108816,environ1,408414966,128,133,O2,0.574,"2016-08-11 18:55:31",noraw,0
108867,environ1,408414966,128,134,O2,0.590,"2016-08-11 18:56:43",noraw,0
108897,environ1,408414966,128,135,O2,0.574,"2016-08-11 18:57:54",noraw,0
108935,environ1,408414966,128,136,O2,0.577,"2016-08-11 18:59:05",noraw,0
108977,environ1,408414966,128,137,O2,0.581,"2016-08-11 19:00:17",noraw,0
109005,environ1,408414966,128,138,O2,0.577,"2016-08-11 19:01:28",noraw,0
109041,environ1,408414966,128,139,O2,0.577,"2016-08-11 19:02:39",noraw,0
109115,environ1,408414966,128,141,O2,0.577,"2016-08-11 19:05:01",noraw,0
109136,environ1,408414966,128,142,O2,0.577,"2016-08-11 19:06:12",noraw,0
109206,environ1,408414966,128,145,O2,0.571,"2016-08-11 19:09:46",noraw,0
109250,environ1,408414966,128,146,O2,0.571,"2016-08-11 19:10:57",noraw,0
109293,environ1,408414966,128,148,O2,0.574,"2016-08-11 19:13:19",noraw,0
109330,environ1,408414966,128,149,O2,0.577,"2016-08-11 19:14:30",noraw,0
109387,environ1,408414966,128,151,O2,0.581,"2016-08-11 19:16:53",noraw,0
109416,environ1,408414966,128,152,O2,0.577,"2016-08-11 19:18:04",noraw,0
109508,environ1,408414966,128,155,O2,0.581,"2016-08-11 19:21:37",noraw,0
109557,environ1,408414966,128,156,O2,0.574,"2016-08-11 19:22:48",noraw,0
109615,environ1,408414966,128,158,O2,0.581,"2016-08-11 19:25:11",noraw,0
109650,environ1,408414966,128,159,O2,0.574,"2016-08-11 19:26:22",noraw,0
109699,environ1,408414966,128,161,O2,0.597,"2016-08-11 19:28:44",noraw,0
109727,environ1,408414966,128,162,O2,0.610,"2016-08-11 19:29:56",noraw,0
109762,environ1,408414966,128,163,O2,0.581,"2016-08-11 19:31:07",noraw,0
109804,environ1,408414966,128,165,O2,0.577,"2016-08-11 19:33:29",noraw,0
109846,environ1,408414966,128,166,O2,0.577,"2016-08-11 19:34:40",noraw,0
109881,environ1,408414966,128,168,O2,0.590,"2016-08-11 19:37:02",noraw,0
109965,environ1,408414966,128,172,O2,0.581,"2016-08-11 19:41:47",noraw,0
110294,environ1,408414966,128,187,O2,0.577,"2016-08-11 19:59:34",noraw,0
110357,environ1,408414966,128,190,O2,0.574,"2016-08-11 20:03:08",noraw,0
110455,environ1,408414966,128,193,O2,0.581,"2016-08-11 20:06:41",noraw,0
110581,environ1,408414966,128,197,O2,0.581,"2016-08-11 20:11:26",noraw,0
110665,environ1,408414966,128,199,O2,0.581,"2016-08-11 20:13:48",noraw,0
110686,environ1,408414966,128,200,O2,0.577,"2016-08-11 20:14:59",noraw,0
110721,environ1,408414966,128,201,O2,0.571,"2016-08-11 20:16:10",noraw,0
110805,environ1,408414966,128,203,O2,0.581,"2016-08-11 20:18:32",noraw,0
110840,environ1,408414966,128,204,O2,0.581,"2016-08-11 20:19:44",noraw,0
110882,environ1,408414966,128,205,O2,0.581,"2016-08-11 20:20:55",noraw,0
110924,environ1,408414966,128,206,O2,0.577,"2016-08-11 20:22:06",noraw,0
110966,environ1,408414966,128,207,O2,0.581,"2016-08-11 20:23:17",noraw,0
111043,environ1,408414966,128,209,O2,0.571,"2016-08-11 20:25:40",noraw,0
111071,environ1,408414966,128,210,O2,0.577,"2016-08-11 20:26:51",noraw,0
111148,environ1,408414966,128,212,O2,0.594,"2016-08-11 20:29:13",noraw,0
111183,environ1,408414966,128,213,O2,0.581,"2016-08-11 20:30:24",noraw,0
111218,environ1,408414966,128,214,O2,0.581,"2016-08-11 20:31:35",noraw,0
111295,environ1,408414966,128,216,O2,0.581,"2016-08-11 20:33:58",noraw,0
111323,environ1,408414966,128,217,O2,0.571,"2016-08-11 20:35:09",noraw,0
111407,environ1,408414966,128,219,O2,0.577,"2016-08-11 20:37:31",noraw,0
111435,environ1,408414966,128,220,O2,0.581,"2016-08-11 20:38:42",noraw,0
111477,environ1,408414966,128,221,O2,0.581,"2016-08-11 20:39:54",noraw,0
111533,environ1,408414966,128,223,O2,0.600,"2016-08-11 20:42:16",noraw,0
111568,environ1,408414966,128,224,O2,0.581,"2016-08-11 20:43:27",noraw,0
111645,environ1,408414966,128,226,O2,0.626,"2016-08-11 20:45:49",noraw,0
111666,environ1,408414966,128,227,O2,0.581,"2016-08-11 20:47:00",noraw,0
111729,environ1,408414966,128,229,O2,0.577,"2016-08-11 20:49:23",noraw,0
111750,environ1,408414966,128,230,O2,0.577,"2016-08-11 20:50:34",noraw,0
111792,environ1,408414966,128,231,O2,0.584,"2016-08-11 20:51:45",noraw,0
111841,environ1,408414966,128,233,O2,0.565,"2016-08-11 20:54:07",noraw,0
111883,environ1,408414966,128,234,O2,0.577,"2016-08-11 20:55:18",noraw,0
111946,environ1,408414966,128,236,O2,0.581,"2016-08-11 20:57:41",noraw,0
111967,environ1,408414966,128,237,O2,0.571,"2016-08-11 20:58:52",noraw,0
112044,environ1,408414966,128,240,O2,0.577,"2016-08-11 21:02:26",noraw,0
112086,environ1,408414966,128,241,O2,0.629,"2016-08-11 21:03:37",noraw,0
112268,environ1,408414966,128,248,O2,0.577,"2016-08-11 21:11:55",noraw,0
112429,environ1,408414966,128,255,O2,0.571,"2016-08-11 21:20:13",noraw,0
112506,environ1,408414966,128,2,O2,0.587,"2016-08-11 21:23:46",noraw,0
112597,environ1,408414966,128,6,O2,0.574,"2016-08-11 21:28:31",noraw,0
112681,environ1,408414966,128,9,O2,0.574,"2016-08-11 21:32:04",noraw,0
112709,environ1,408414966,128,10,O2,0.581,"2016-08-11 21:33:15",noraw,0
112786,environ1,408414966,128,12,O2,0.584,"2016-08-11 21:35:37",noraw,0
112821,environ1,408414966,128,13,O2,0.571,"2016-08-11 21:36:49",noraw,0
112926,environ1,408414966,128,16,O2,0.584,"2016-08-11 21:40:22",noraw,0
113024,environ1,408414966,128,19,O2,0.574,"2016-08-11 21:43:56",noraw,0
113066,environ1,408414966,128,20,O2,0.584,"2016-08-11 21:45:07",noraw,0
113143,environ1,408414966,128,22,O2,0.584,"2016-08-11 21:47:29",noraw,0
113178,environ1,408414966,128,23,O2,0.619,"2016-08-11 21:48:40",noraw,0
113220,environ1,408414966,128,24,O2,0.584,"2016-08-11 21:49:52",noraw,0
113255,environ1,408414966,128,25,O2,0.574,"2016-08-11 21:51:03",noraw,0
113297,environ1,408414966,128,26,O2,0.584,"2016-08-11 21:52:14",noraw,0
113381,environ1,408414966,128,28,O2,0.584,"2016-08-11 21:54:36",noraw,0
113382,environ1,408414966,128,28,O2,0.584,"2016-08-11 21:54:36",noraw,0
113417,environ1,408414966,128,29,O2,0.584,"2016-08-11 21:55:47",noraw,0
113462,environ1,408414966,128,30,O2,0.629,"2016-08-11 21:56:58",noraw,0
113511,environ1,408414966,128,31,O2,0.581,"2016-08-11 21:58:10",noraw,0
113546,environ1,408414966,128,32,O2,0.581,"2016-08-11 21:59:21",noraw,0
113581,environ1,408414966,128,33,O2,0.584,"2016-08-11 22:00:32",noraw,0
113637,environ1,408414966,128,34,O2,0.587,"2016-08-11 22:01:43",noraw,0
113643,environ1,408414966,128,34,O2,0.587,"2016-08-11 22:01:43",noraw,0
113679,environ1,408414966,128,35,O2,0.584,"2016-08-11 22:02:54",noraw,0
113721,environ1,408414966,128,36,O2,0.635,"2016-08-11 22:04:05",noraw,0
113800,environ1,408414966,128,38,O2,0.581,"2016-08-11 22:06:28",noraw,0
113821,environ1,408414966,128,39,O2,0.581,"2016-08-11 22:07:38",noraw,0
113886,environ1,408414966,128,41,O2,0.584,"2016-08-11 22:10:01",noraw,0
113914,environ1,408414966,128,42,O2,0.581,"2016-08-11 22:11:12",noraw,0
113970,environ1,408414966,128,43,O2,0.568,"2016-08-11 22:12:23",noraw,0
114032,environ1,408414966,128,45,O2,0.587,"2016-08-11 22:14:45",noraw,0
114078,environ1,408414966,128,46,O2,0.584,"2016-08-11 22:15:57",noraw,0
114136,environ1,408414966,128,48,O2,0.584,"2016-08-11 22:18:19",noraw,0
114177,environ1,408414966,128,49,O2,0.619,"2016-08-11 22:19:30",noraw,0
114470,environ1,408414966,128,60,O2,0.587,"2016-08-11 22:32:33",noraw,0
114716,environ1,408414966,128,67,O2,0.619,"2016-08-11 22:40:51",noraw,0
114793,environ1,408414966,128,70,O2,0.584,"2016-08-11 22:44:25",noraw,0
114800,environ1,408414966,128,70,O2,0.584,"2016-08-11 22:44:25",noraw,0
115061,environ1,408414966,128,77,O2,0.584,"2016-08-11 22:52:42",noraw,0
115186,environ1,408414966,128,80,O2,0.603,"2016-08-11 22:56:16",noraw,0
115284,environ1,408414966,128,82,O2,0.584,"2016-08-11 22:58:38",noraw,0
115298,environ1,408414966,128,82,O2,0.584,"2016-08-11 22:58:38",noraw,0
115339,environ1,408414966,128,83,O2,0.581,"2016-08-11 22:59:49",noraw,0
115407,environ1,408414966,128,84,O2,0.584,"2016-08-11 23:01:01",noraw,0
115462,environ1,408414966,128,85,O2,0.613,"2016-08-11 23:02:12",noraw,0
115511,environ1,408414966,128,86,O2,0.571,"2016-08-11 23:03:23",noraw,0
115532,environ1,408414966,128,86,O2,0.571,"2016-08-11 23:03:23",noraw,0
115570,environ1,408414966,128,87,O2,0.568,"2016-08-11 23:04:34",noraw,0
115584,environ1,408414966,128,87,O2,0.568,"2016-08-11 23:04:34",noraw,0
115694,environ1,408414966,128,89,O2,0.584,"2016-08-11 23:06:56",noraw,0
115735,environ1,408414966,128,90,O2,0.568,"2016-08-11 23:08:07",noraw,0
115783,environ1,408414966,128,91,O2,0.581,"2016-08-11 23:09:19",noraw,0
115839,environ1,408414966,128,92,O2,0.587,"2016-08-11 23:10:30",noraw,0
115880,environ1,408414966,128,93,O2,0.632,"2016-08-11 23:11:41",noraw,0
115935,environ1,408414966,128,94,O2,0.584,"2016-08-11 23:12:52",noraw,0
115984,environ1,408414966,128,95,O2,0.584,"2016-08-11 23:14:03",noraw,0
116041,environ1,408414966,128,96,O2,0.600,"2016-08-11 23:15:14",noraw,0
116083,environ1,408414966,128,97,O2,0.574,"2016-08-11 23:16:25",noraw,0
116104,environ1,408414966,128,97,O2,0.574,"2016-08-11 23:16:25",noraw,0
116176,environ1,408414966,128,99,O2,0.587,"2016-08-11 23:18:48",noraw,0
116229,environ1,408414966,128,100,O2,0.606,"2016-08-11 23:19:59",noraw,0
116282,environ1,408414966,128,101,O2,0.581,"2016-08-11 23:21:10",noraw,0
116324,environ1,408414966,128,102,O2,0.577,"2016-08-11 23:22:21",noraw,0
116345,environ1,408414966,128,103,O2,0.584,"2016-08-11 23:23:32",noraw,0
116366,environ1,408414966,128,103,O2,0.584,"2016-08-11 23:23:32",noraw,0
116397,environ1,408414966,128,104,O2,0.571,"2016-08-11 23:24:44",noraw,0
116404,environ1,408414966,128,104,O2,0.571,"2016-08-11 23:24:44",noraw,0
116452,environ1,408414966,128,105,O2,0.603,"2016-08-11 23:25:55",noraw,0
116489,environ1,408414966,128,106,O2,0.584,"2016-08-11 23:27:06",noraw,0
116528,environ1,408414966,128,107,O2,0.568,"2016-08-11 23:28:17",noraw,0
116609,environ1,408414966,128,109,O2,0.574,"2016-08-11 23:30:39",noraw,0
116628,environ1,408414966,128,110,O2,0.584,"2016-08-11 23:31:50",noraw,0
116672,environ1,408414966,128,111,O2,0.577,"2016-08-11 23:33:02",noraw,0
116703,environ1,408414966,128,112,O2,0.581,"2016-08-11 23:34:13",noraw,0
116727,environ1,408414966,128,113,O2,0.587,"2016-08-11 23:35:24",noraw,0
116755,environ1,408414966,128,113,O2,0.587,"2016-08-11 23:35:24",noraw,0
116780,environ1,408414966,128,114,O2,0.584,"2016-08-11 23:36:35",noraw,0
116849,environ1,408414966,128,116,O2,0.571,"2016-08-11 23:38:57",noraw,0
116877,environ1,408414966,128,117,O2,0.584,"2016-08-11 23:40:08",noraw,0
116935,environ1,408414966,128,119,O2,0.616,"2016-08-11 23:42:31",noraw,0
116958,environ1,408414966,128,120,O2,0.581,"2016-08-11 23:43:42",noraw,0
117010,environ1,408414966,128,121,O2,0.587,"2016-08-11 23:44:53",noraw,0
117067,environ1,408414966,128,123,O2,0.584,"2016-08-11 23:47:15",noraw,0
117112,environ1,408414966,128,124,O2,0.610,"2016-08-11 23:48:26",noraw,0
117184,environ1,408414966,128,126,O2,0.571,"2016-08-11 23:50:49",noraw,0
117213,environ1,408414966,128,127,O2,0.574,"2016-08-11 23:52:00",noraw,0
117284,environ1,408414966,128,129,O2,0.581,"2016-08-11 23:54:22",noraw,0
117312,environ1,408414966,128,130,O2,0.584,"2016-08-11 23:55:33",noraw,0
117362,environ1,408414966,128,131,O2,0.574,"2016-08-11 23:56:45",noraw,0
117423,environ1,408414966,128,133,O2,0.584,"2016-08-11 23:59:07",noraw,0
117451,environ1,408414966,128,134,O2,0.581,"2016-08-12 00:00:18",noraw,0
117570,environ1,408414966,128,138,O2,0.613,"2016-08-12 00:05:03",noraw,0
117682,environ1,408414966,128,141,O2,0.571,"2016-08-12 00:08:36",noraw,0
117717,environ1,408414966,128,142,O2,0.581,"2016-08-12 00:09:47",noraw,0
117766,environ1,408414966,128,143,O2,0.584,"2016-08-12 00:10:58",noraw,0
117815,environ1,408414966,128,144,O2,0.584,"2016-08-12 00:12:10",noraw,0
117850,environ1,408414966,128,145,O2,0.606,"2016-08-12 00:13:21",noraw,0
117934,environ1,408414966,128,147,O2,0.584,"2016-08-12 00:15:43",noraw,0
117962,environ1,408414966,128,148,O2,0.571,"2016-08-12 00:16:54",noraw,0
118046,environ1,408414966,128,150,O2,0.584,"2016-08-12 00:19:16",noraw,0
118074,environ1,408414966,128,151,O2,0.584,"2016-08-12 00:20:28",noraw,0
118123,environ1,408414966,128,152,O2,0.584,"2016-08-12 00:21:39",noraw,0
118165,environ1,408414966,128,153,O2,0.584,"2016-08-12 00:22:50",noraw,0
118193,environ1,408414966,128,154,O2,0.581,"2016-08-12 00:24:01",noraw,0
118235,environ1,408414966,128,155,O2,0.571,"2016-08-12 00:25:12",noraw,0
118312,environ1,408414966,128,157,O2,0.584,"2016-08-12 00:27:34",noraw,0
118333,environ1,408414966,128,158,O2,0.584,"2016-08-12 00:28:46",noraw,0
118410,environ1,408414966,128,160,O2,0.581,"2016-08-12 00:31:08",noraw,0
118431,environ1,408414966,128,161,O2,0.584,"2016-08-12 00:32:19",noraw,0
118473,environ1,408414966,128,162,O2,0.584,"2016-08-12 00:33:30",noraw,0
118508,environ1,408414966,128,163,O2,0.581,"2016-08-12 00:34:41",noraw,0
118536,environ1,408414966,128,164,O2,0.584,"2016-08-12 00:35:53",noraw,0
118578,environ1,408414966,128,165,O2,0.597,"2016-08-12 00:37:04",noraw,0
118655,environ1,408414966,128,167,O2,0.616,"2016-08-12 00:39:26",noraw,0
118676,environ1,408414966,128,168,O2,0.619,"2016-08-12 00:40:37",noraw,0
118753,environ1,408414966,128,170,O2,0.584,"2016-08-12 00:43:00",noraw,0
118774,environ1,408414966,128,171,O2,0.632,"2016-08-12 00:44:10",noraw,0
118816,environ1,408414966,128,172,O2,0.594,"2016-08-12 00:45:22",noraw,0
118879,environ1,408414966,128,174,O2,0.584,"2016-08-12 00:47:44",noraw,0
118907,environ1,408414966,128,175,O2,0.581,"2016-08-12 00:48:55",noraw,0
118977,environ1,408414966,128,177,O2,0.584,"2016-08-12 00:51:18",noraw,0
118998,environ1,408414966,128,178,O2,0.581,"2016-08-12 00:52:28",noraw,0
119075,environ1,408414966,128,180,O2,0.577,"2016-08-12 00:54:51",noraw,0
119103,environ1,408414966,128,181,O2,0.584,"2016-08-12 00:56:02",noraw,0
119145,environ1,408414966,128,182,O2,0.584,"2016-08-12 00:57:13",noraw,0
119208,environ1,408414966,128,184,O2,0.571,"2016-08-12 00:59:35",noraw,0
119236,environ1,408414966,128,185,O2,0.584,"2016-08-12 01:00:47",noraw,0
119348,environ1,408414966,128,189,O2,0.577,"2016-08-12 01:05:31",noraw,0
119453,environ1,408414966,128,192,O2,0.584,"2016-08-12 01:09:05",noraw,0
119705,environ1,408414966,128,199,O2,0.574,"2016-08-12 01:17:23",noraw,0
119747,environ1,408414966,128,200,O2,0.577,"2016-08-12 01:18:34",noraw,0
119838,environ1,408414966,128,202,O2,0.574,"2016-08-12 01:20:56",noraw,0
119866,environ1,408414966,128,203,O2,0.568,"2016-08-12 01:22:08",noraw,0
119915,environ1,408414966,128,204,O2,0.581,"2016-08-12 01:23:19",noraw,0
119964,environ1,408414966,128,205,O2,0.574,"2016-08-12 01:24:30",noraw,0
120006,environ1,408414966,128,206,O2,0.581,"2016-08-12 01:25:41",noraw,0
120048,environ1,408414966,128,207,O2,0.584,"2016-08-12 01:26:52",noraw,0
120097,environ1,408414966,128,208,O2,0.581,"2016-08-12 01:28:03",noraw,0
120125,environ1,408414966,128,209,O2,0.581,"2016-08-12 01:29:14",noraw,0
120160,environ1,408414966,128,210,O2,0.584,"2016-08-12 01:30:25",noraw,0
120209,environ1,408414966,128,211,O2,0.584,"2016-08-12 01:31:37",noraw,0
120251,environ1,408414966,128,212,O2,0.610,"2016-08-12 01:32:48",noraw,0
120286,environ1,408414966,128,213,O2,0.581,"2016-08-12 01:33:59",noraw,0
120335,environ1,408414966,128,214,O2,0.581,"2016-08-12 01:35:10",noraw,0
120384,environ1,408414966,128,215,O2,0.616,"2016-08-12 01:36:21",noraw,0
120433,environ1,408414966,128,216,O2,0.584,"2016-08-12 01:37:32",noraw,0
120517,environ1,408414966,128,218,O2,0.571,"2016-08-12 01:39:55",noraw,0
120545,environ1,408414966,128,219,O2,0.581,"2016-08-12 01:41:06",noraw,0
120580,environ1,408414966,128,220,O2,0.577,"2016-08-12 01:42:17",noraw,0
120629,environ1,408414966,128,221,O2,0.581,"2016-08-12 01:43:28",noraw,0
120671,environ1,408414966,128,222,O2,0.581,"2016-08-12 01:44:39",noraw,0
120706,environ1,408414966,128,223,O2,0.571,"2016-08-12 01:45:50",noraw,0
120790,environ1,408414966,128,225,O2,0.574,"2016-08-12 01:48:13",noraw,0
120818,environ1,408414966,128,226,O2,0.584,"2016-08-12 01:49:24",noraw,0
120902,environ1,408414966,128,228,O2,0.584,"2016-08-12 01:51:46",noraw,0
120930,environ1,408414966,128,229,O2,0.581,"2016-08-12 01:52:57",noraw,0
120972,environ1,408414966,128,230,O2,0.584,"2016-08-12 01:54:09",noraw,0
121014,environ1,408414966,128,231,O2,0.584,"2016-08-12 01:55:20",noraw,0
121042,environ1,408414966,128,232,O2,0.577,"2016-08-12 01:56:31",noraw,0
121084,environ1,408414966,128,233,O2,0.571,"2016-08-12 01:57:42",noraw,0
121161,environ1,408414966,128,235,O2,0.577,"2016-08-12 02:00:04",noraw,0
121182,environ1,408414966,128,236,O2,0.584,"2016-08-12 02:01:16",noraw,0
121252,environ1,408414966,128,238,O2,0.584,"2016-08-12 02:03:38",noraw,0
121273,environ1,408414966,128,239,O2,0.584,"2016-08-12 02:04:49",noraw,0
121322,environ1,408414966,128,240,O2,0.571,"2016-08-12 02:06:00",noraw,0
121378,environ1,408414966,128,242,O2,0.581,"2016-08-12 02:08:22",noraw,0
121413,environ1,408414966,128,243,O2,0.584,"2016-08-12 02:09:33",noraw,0
121469,environ1,408414966,128,245,O2,0.584,"2016-08-12 02:11:56",noraw,0
121497,environ1,408414966,128,246,O2,0.584,"2016-08-12 02:13:07",noraw,0
121560,environ1,408414966,128,248,O2,0.571,"2016-08-12 02:15:29",noraw,0
121581,environ1,408414966,128,249,O2,0.568,"2016-08-12 02:16:41",noraw,0
121623,environ1,408414966,128,250,O2,0.574,"2016-08-12 02:17:52",noraw,0
122043,environ1,408414966,128,11,O2,0.571,"2016-08-12 02:38:01",noraw,0
122317,environ1,408414966,128,21,O2,0.568,"2016-08-12 02:49:53",noraw,0
122535,environ1,408414966,128,27,O2,0.584,"2016-08-12 02:57:00",noraw,0
122570,environ1,408414966,128,28,O2,0.600,"2016-08-12 02:58:11",noraw,0
122604,environ1,408414966,128,29,O2,0.584,"2016-08-12 02:59:22",noraw,0
122623,environ1,408414966,128,29,O2,0.584,"2016-08-12 02:59:22",noraw,0
122711,environ1,408414966,128,31,O2,0.574,"2016-08-12 03:01:44",noraw,0
122724,environ1,408414966,128,31,O2,0.574,"2016-08-12 03:01:44",noraw,0
122766,environ1,408414966,128,32,O2,0.581,"2016-08-12 03:02:55",noraw,0
122827,environ1,408414966,128,33,O2,0.574,"2016-08-12 03:04:07",noraw,0
122879,environ1,408414966,128,34,O2,0.584,"2016-08-12 03:05:18",noraw,0
122928,environ1,408414966,128,35,O2,0.584,"2016-08-12 03:06:29",noraw,0
122945,environ1,408414966,128,35,O2,0.584,"2016-08-12 03:06:29",noraw,0
123065,environ1,408414966,128,37,O2,0.587,"2016-08-12 03:08:51",noraw,0
123113,environ1,408414966,128,38,O2,0.587,"2016-08-12 03:10:02",noraw,0
123185,environ1,408414966,128,40,O2,0.581,"2016-08-12 03:12:25",noraw,0
123199,environ1,408414966,128,40,O2,0.581,"2016-08-12 03:12:25",noraw,0
123220,environ1,408414966,128,41,O2,0.581,"2016-08-12 03:13:36",noraw,0
123234,environ1,408414966,128,41,O2,0.581,"2016-08-12 03:13:36",noraw,0
123336,environ1,408414966,128,43,O2,0.584,"2016-08-12 03:15:58",noraw,0
123357,environ1,408414966,128,44,O2,0.584,"2016-08-12 03:17:09",noraw,0
123412,environ1,408414966,128,45,O2,0.581,"2016-08-12 03:18:20",noraw,0
123426,environ1,408414966,128,45,O2,0.581,"2016-08-12 03:18:20",noraw,0
123488,environ1,408414966,128,47,O2,0.581,"2016-08-12 03:20:42",noraw,0
123495,environ1,408414966,128,47,O2,0.581,"2016-08-12 03:20:42",noraw,0
123523,environ1,408414966,128,48,O2,0.574,"2016-08-12 03:21:54",noraw,0
123610,environ1,408414966,128,50,O2,0.581,"2016-08-12 03:24:16",noraw,0
123645,environ1,408414966,128,51,O2,0.610,"2016-08-12 03:25:27",noraw,0
123666,environ1,408414966,128,51,O2,0.610,"2016-08-12 03:25:27",noraw,0
123762,environ1,408414966,128,53,O2,0.584,"2016-08-12 03:27:50",noraw,0
123792,environ1,408414966,128,54,O2,0.597,"2016-08-12 03:29:01",noraw,0
123847,environ1,408414966,128,55,O2,0.587,"2016-08-12 03:30:12",noraw,0
123917,environ1,408414966,128,57,O2,0.574,"2016-08-12 03:32:34",noraw,0
123931,environ1,408414966,128,57,O2,0.574,"2016-08-12 03:32:34",noraw,0
123959,environ1,408414966,128,58,O2,0.584,"2016-08-12 03:33:45",noraw,0
123966,environ1,408414966,128,58,O2,0.584,"2016-08-12 03:33:45",noraw,0
124050,environ1,408414966,128,60,O2,0.590,"2016-08-12 03:36:07",noraw,0
124094,environ1,408414966,128,61,O2,0.590,"2016-08-12 03:37:19",noraw,0
124152,environ1,408414966,128,62,O2,0.584,"2016-08-12 03:38:30",noraw,0
124173,environ1,408414966,128,62,O2,0.584,"2016-08-12 03:38:30",noraw,0
124240,environ1,408414966,128,64,O2,0.581,"2016-08-12 03:40:52",noraw,0
124289,environ1,408414966,128,65,O2,0.584,"2016-08-12 03:42:03",noraw,0
124737,environ1,408414966,128,79,O2,0.584,"2016-08-12 03:58:40",noraw,0
124775,environ1,408414966,128,80,O2,0.584,"2016-08-12 03:59:50",noraw,0
124789,environ1,408414966,128,80,O2,0.584,"2016-08-12 03:59:50",noraw,0
125009,environ1,408414966,128,86,O2,0.584,"2016-08-12 04:06:58",noraw,0
125135,environ1,408414966,128,89,O2,0.581,"2016-08-12 04:10:31",noraw,0
125142,environ1,408414966,128,89,O2,0.581,"2016-08-12 04:10:31",noraw,0
125177,environ1,408414966,128,90,O2,0.581,"2016-08-12 04:11:42",noraw,0
125191,environ1,408414966,128,90,O2,0.581,"2016-08-12 04:11:42",noraw,0
125233,environ1,408414966,128,91,O2,0.616,"2016-08-12 04:12:53",noraw,0
125317,environ1,408414966,128,92,O2,0.584,"2016-08-12 04:14:05",noraw,0
125363,environ1,408414966,128,93,O2,0.571,"2016-08-12 04:15:15",noraw,0
125429,environ1,408414966,128,94,O2,0.584,"2016-08-12 04:16:27",noraw,0
125450,environ1,408414966,128,94,O2,0.584,"2016-08-12 04:16:27",noraw,0
125494,environ1,408414966,128,95,O2,0.574,"2016-08-12 04:17:38",noraw,0
125555,environ1,408414966,128,96,O2,0.587,"2016-08-12 04:18:49",noraw,0
125627,environ1,408414966,128,97,O2,0.581,"2016-08-12 04:20:00",noraw,0
125690,environ1,408414966,128,98,O2,0.571,"2016-08-12 04:21:11",noraw,0
125725,environ1,408414966,128,99,O2,0.587,"2016-08-12 04:22:22",noraw,0
125774,environ1,408414966,128,100,O2,0.587,"2016-08-12 04:23:34",noraw,0
125795,environ1,408414966,128,100,O2,0.587,"2016-08-12 04:23:34",noraw,0
125832,environ1,408414966,128,101,O2,0.587,"2016-08-12 04:24:45",noraw,0
125853,environ1,408414966,128,101,O2,0.587,"2016-08-12 04:24:45",noraw,0
125897,environ1,408414966,128,102,O2,0.587,"2016-08-12 04:25:56",noraw,0
125945,environ1,408414966,128,103,O2,0.584,"2016-08-12 04:27:07",noraw,0
126053,environ1,408414966,128,105,O2,0.577,"2016-08-12 04:29:30",noraw,0
126067,environ1,408414966,128,105,O2,0.577,"2016-08-12 04:29:30",noraw,0
126208,environ1,408414966,128,108,O2,0.587,"2016-08-12 04:33:03",noraw,0
126250,environ1,408414966,128,109,O2,0.587,"2016-08-12 04:34:14",noraw,0
126298,environ1,408414966,128,110,O2,0.584,"2016-08-12 04:35:25",noraw,0
126340,environ1,408414966,128,111,O2,0.600,"2016-08-12 04:36:36",noraw,0
126354,environ1,408414966,128,111,O2,0.600,"2016-08-12 04:36:36",noraw,0
126382,environ1,408414966,128,112,O2,0.581,"2016-08-12 04:37:47",noraw,0
126396,environ1,408414966,128,112,O2,0.581,"2016-08-12 04:37:47",noraw,0
126438,environ1,408414966,128,113,O2,0.606,"2016-08-12 04:38:59",noraw,0
126522,environ1,408414966,128,115,O2,0.587,"2016-08-12 04:41:21",noraw,0
126564,environ1,408414966,128,116,O2,0.584,"2016-08-12 04:42:32",noraw,0
126585,environ1,408414966,128,116,O2,0.584,"2016-08-12 04:42:32",noraw,0
126670,environ1,408414966,128,118,O2,0.581,"2016-08-12 04:44:54",noraw,0
126700,environ1,408414966,128,119,O2,0.571,"2016-08-12 04:46:05",noraw,0
126752,environ1,408414966,128,120,O2,0.571,"2016-08-12 04:47:17",noraw,0
126815,environ1,408414966,128,122,O2,0.587,"2016-08-12 04:49:39",noraw,0
126836,environ1,408414966,128,122,O2,0.587,"2016-08-12 04:49:39",noraw,0
126868,environ1,408414966,128,123,O2,0.581,"2016-08-12 04:50:50",noraw,0
126875,environ1,408414966,128,123,O2,0.581,"2016-08-12 04:50:50",noraw,0
126973,environ1,408414966,128,125,O2,0.577,"2016-08-12 04:53:12",noraw,0
127004,environ1,408414966,128,126,O2,0.587,"2016-08-12 04:54:24",noraw,0
127103,environ1,408414966,128,128,O2,0.587,"2016-08-12 04:56:46",noraw,0
127131,environ1,408414966,128,129,O2,0.584,"2016-08-12 04:57:57",noraw,0
127183,environ1,408414966,128,130,O2,0.581,"2016-08-12 04:59:08",noraw,0
127253,environ1,408414966,128,132,O2,0.581,"2016-08-12 05:01:30",noraw,0
127274,environ1,408414966,128,132,O2,0.581,"2016-08-12 05:01:30",noraw,0
127289,environ1,408414966,128,133,O2,0.584,"2016-08-12 05:02:42",noraw,0
127371,environ1,408414966,128,135,O2,0.577,"2016-08-12 05:05:04",noraw,0
127399,environ1,408414966,128,136,O2,0.584,"2016-08-12 05:06:15",noraw,0
127479,environ1,408414966,128,138,O2,0.584,"2016-08-12 05:08:38",noraw,0
127507,environ1,408414966,128,139,O2,0.584,"2016-08-12 05:09:48",noraw,0
127552,environ1,408414966,128,140,O2,0.584,"2016-08-12 05:11:00",noraw,0
127622,environ1,408414966,128,142,O2,0.581,"2016-08-12 05:13:22",noraw,0
127653,environ1,408414966,128,143,O2,0.581,"2016-08-12 05:14:34",noraw,0
127935,environ1,408414966,128,154,O2,0.590,"2016-08-12 05:27:38",noraw,0
128117,environ1,408414966,128,161,O2,0.581,"2016-08-12 05:35:57",noraw,0
128145,environ1,408414966,128,162,O2,0.584,"2016-08-12 05:37:08",noraw,0
128201,environ1,408414966,128,164,O2,0.581,"2016-08-12 05:39:31",noraw,0
128229,environ1,408414966,128,165,O2,0.581,"2016-08-12 05:40:42",noraw,0
128271,environ1,408414966,128,166,O2,0.635,"2016-08-12 05:41:53",noraw,0
128313,environ1,408414966,128,167,O2,0.584,"2016-08-12 05:43:04",noraw,0
128341,environ1,408414966,128,168,O2,0.600,"2016-08-12 05:44:16",noraw,0
128383,environ1,408414966,128,169,O2,0.584,"2016-08-12 05:45:27",noraw,0
128425,environ1,408414966,128,170,O2,0.574,"2016-08-12 05:46:39",noraw,0
128439,environ1,408414966,128,171,O2,0.581,"2016-08-12 05:47:49",noraw,0
128467,environ1,408414966,128,172,O2,0.568,"2016-08-12 05:49:01",noraw,0
128523,environ1,408414966,128,174,O2,0.568,"2016-08-12 05:51:24",noraw,0
128551,environ1,408414966,128,175,O2,0.584,"2016-08-12 05:52:35",noraw,0
128628,environ1,408414966,128,177,O2,0.574,"2016-08-12 05:54:57",noraw,0
128656,environ1,408414966,128,178,O2,0.571,"2016-08-12 05:56:08",noraw,0
128740,environ1,408414966,128,180,O2,0.584,"2016-08-12 05:58:31",noraw,0
128768,environ1,408414966,128,181,O2,0.581,"2016-08-12 05:59:42",noraw,0
128810,environ1,408414966,128,182,O2,0.574,"2016-08-12 06:00:54",noraw,0
128845,environ1,408414966,128,183,O2,0.610,"2016-08-12 06:02:05",noraw,0
128873,environ1,408414966,128,184,O2,0.584,"2016-08-12 06:03:16",noraw,0
128915,environ1,408414966,128,185,O2,0.584,"2016-08-12 06:04:27",noraw,0
128985,environ1,408414966,128,187,O2,0.584,"2016-08-12 06:06:49",noraw,0
129020,environ1,408414966,128,188,O2,0.584,"2016-08-12 06:08:00",noraw,0
129104,environ1,408414966,128,190,O2,0.584,"2016-08-12 06:10:23",noraw,0
129139,environ1,408414966,128,191,O2,0.600,"2016-08-12 06:11:34",noraw,0
129188,environ1,408414966,128,192,O2,0.565,"2016-08-12 06:12:45",noraw,0
129244,environ1,408414966,128,194,O2,0.584,"2016-08-12 06:15:08",noraw,0
129279,environ1,408414966,128,195,O2,0.574,"2016-08-12 06:16:19",noraw,0
129356,environ1,408414966,128,197,O2,0.600,"2016-08-12 06:18:42",noraw,0
129384,environ1,408414966,128,198,O2,0.581,"2016-08-12 06:19:53",noraw,0
129426,environ1,408414966,128,199,O2,0.584,"2016-08-12 06:21:04",noraw,0
129496,environ1,408414966,128,201,O2,0.584,"2016-08-12 06:23:26",noraw,0
129531,environ1,408414966,128,202,O2,0.581,"2016-08-12 06:24:38",noraw,0
129587,environ1,408414966,128,204,O2,0.584,"2016-08-12 06:27:00",noraw,0
129860,environ1,408414966,128,213,O2,0.574,"2016-08-12 06:37:42",noraw,0
129944,environ1,408414966,128,216,O2,0.574,"2016-08-12 06:41:16",noraw,0
130063,environ1,408414966,128,220,O2,0.568,"2016-08-12 06:46:00",noraw,0
130133,environ1,408414966,128,223,O2,0.574,"2016-08-12 06:49:34",noraw,0
130154,environ1,408414966,128,224,O2,0.581,"2016-08-12 06:50:46",noraw,0
130231,environ1,408414966,128,226,O2,0.584,"2016-08-12 06:53:08",noraw,0
130252,environ1,408414966,128,227,O2,0.584,"2016-08-12 06:54:20",noraw,0
130329,environ1,408414966,128,229,O2,0.574,"2016-08-12 06:56:43",noraw,0
130357,environ1,408414966,128,230,O2,0.574,"2016-08-12 06:57:53",noraw,0
130385,environ1,408414966,128,231,O2,0.577,"2016-08-12 06:59:05",noraw,0
130427,environ1,408414966,128,232,O2,0.584,"2016-08-12 07:00:16",noraw,0
130462,environ1,408414966,128,233,O2,0.619,"2016-08-12 07:01:27",noraw,0
130476,environ1,408414966,128,234,O2,0.584,"2016-08-12 07:02:39",noraw,0
130518,environ1,408414966,128,235,O2,0.577,"2016-08-12 07:03:50",noraw,0
130560,environ1,408414966,128,236,O2,0.603,"2016-08-12 07:05:01",noraw,0
130595,environ1,408414966,128,237,O2,0.584,"2016-08-12 07:06:12",noraw,0
130658,environ1,408414966,128,239,O2,0.584,"2016-08-12 07:08:34",noraw,0
130686,environ1,408414966,128,240,O2,0.584,"2016-08-12 07:09:45",noraw,0
130756,environ1,408414966,128,242,O2,0.581,"2016-08-12 07:12:08",noraw,0
130784,environ1,408414966,128,243,O2,0.584,"2016-08-12 07:13:19",noraw,0
130819,environ1,408414966,128,244,O2,0.584,"2016-08-12 07:14:30",noraw,0
130854,environ1,408414966,128,245,O2,0.571,"2016-08-12 07:15:42",noraw,0
130882,environ1,408414966,128,246,O2,0.597,"2016-08-12 07:16:53",noraw,0
130924,environ1,408414966,128,247,O2,0.584,"2016-08-12 07:18:04",noraw,0
130980,environ1,408414966,128,249,O2,0.574,"2016-08-12 07:20:27",noraw,0
131008,environ1,408414966,128,250,O2,0.584,"2016-08-12 07:21:38",noraw,0
131078,environ1,408414966,128,252,O2,0.610,"2016-08-12 07:24:01",noraw,0
131113,environ1,408414966,128,253,O2,0.574,"2016-08-12 07:25:12",noraw,0
131148,environ1,408414966,128,254,O2,0.574,"2016-08-12 07:26:23",noraw,0
131204,environ1,408414966,128,0,O2,0.577,"2016-08-12 07:28:46",noraw,0
131225,environ1,408414966,128,1,O2,0.584,"2016-08-12 07:29:57",noraw,0
131274,environ1,408414966,128,3,O2,0.577,"2016-08-12 07:32:19",noraw,0
131295,environ1,408414966,128,4,O2,0.584,"2016-08-12 07:33:31",noraw,0
131337,environ1,408414966,128,5,O2,0.584,"2016-08-12 07:34:42",noraw,0
131379,environ1,408414966,128,7,O2,0.584,"2016-08-12 07:37:04",noraw,0
131414,environ1,408414966,128,8,O2,0.581,"2016-08-12 07:38:15",noraw,0
131477,environ1,408414966,128,11,O2,0.581,"2016-08-12 07:41:48",noraw,0
131547,environ1,408414966,128,14,O2,0.584,"2016-08-12 07:45:22",noraw,0
131592,environ1,408414966,128,15,O2,0.584,"2016-08-12 07:46:33",noraw,0
131641,environ1,408414966,128,17,O2,0.581,"2016-08-12 07:48:55",noraw,0
131676,environ1,408414966,128,18,O2,0.606,"2016-08-12 07:50:07",noraw,0
131767,environ1,408414966,128,22,O2,0.584,"2016-08-12 07:54:51",noraw,0
131935,environ1,408414966,128,29,O2,0.581,"2016-08-12 08:03:09",noraw,0
132006,environ1,408414966,128,32,O2,0.568,"2016-08-12 08:06:43",noraw,0
132017,environ1,408414966,128,32,O2,0.568,"2016-08-12 08:06:43",noraw,0
132231,environ1,408414966,128,39,O2,0.577,"2016-08-12 08:15:01",noraw,0
132347,environ1,408414966,128,42,O2,0.587,"2016-08-12 08:18:34",noraw,0
132364,environ1,408414966,128,42,O2,0.587,"2016-08-12 08:18:34",noraw,0
132647,environ1,408414966,128,49,O2,0.577,"2016-08-12 08:26:52",noraw,0
132816,environ1,408414966,128,52,O2,0.584,"2016-08-12 08:30:26",noraw,0
132830,environ1,408414966,128,52,O2,0.584,"2016-08-12 08:30:26",noraw,0
132864,environ1,408414966,128,53,O2,0.581,"2016-08-12 08:31:37",noraw,0
132885,environ1,408414966,128,53,O2,0.581,"2016-08-12 08:31:37",noraw,0
133040,environ1,408414966,128,56,O2,0.581,"2016-08-12 08:35:10",noraw,0
133220,environ1,408414966,128,59,O2,0.581,"2016-08-12 08:38:44",noraw,0
133234,environ1,408414966,128,59,O2,0.581,"2016-08-12 08:38:44",noraw,0
133370,environ1,408414966,128,62,O2,0.581,"2016-08-12 08:42:17",noraw,0
133414,environ1,408414966,128,63,O2,0.574,"2016-08-12 08:43:28",noraw,0
133442,environ1,408414966,128,63,O2,0.574,"2016-08-12 08:43:28",noraw,0
133525,environ1,408414966,128,65,O2,0.584,"2016-08-12 08:45:51",noraw,0
133601,environ1,408414966,128,66,O2,0.584,"2016-08-12 08:47:02",noraw,0
133712,environ1,408414966,128,68,O2,0.581,"2016-08-12 08:49:24",noraw,0
133754,environ1,408414966,128,69,O2,0.584,"2016-08-12 08:50:35",noraw,0
133768,environ1,408414966,128,69,O2,0.584,"2016-08-12 08:50:35",noraw,0
133909,environ1,408414966,128,72,O2,0.632,"2016-08-12 08:54:09",noraw,0
133954,environ1,408414966,128,73,O2,0.584,"2016-08-12 08:55:20",noraw,0
134078,environ1,408414966,128,75,O2,0.584,"2016-08-12 08:57:42",noraw,0
134133,environ1,408414966,128,76,O2,0.574,"2016-08-12 08:58:53",noraw,0
134147,environ1,408414966,128,76,O2,0.574,"2016-08-12 08:58:53",noraw,0
134296,environ1,408414966,128,79,O2,0.584,"2016-08-12 09:02:27",noraw,0
134331,environ1,408414966,128,80,O2,0.584,"2016-08-12 09:03:38",noraw,0
134352,environ1,408414966,128,80,O2,0.584,"2016-08-12 09:03:38",noraw,0
134453,environ1,408414966,128,82,O2,0.574,"2016-08-12 09:06:00",noraw,0
134488,environ1,408414966,128,83,O2,0.584,"2016-08-12 09:07:11",noraw,0
134603,environ1,408414966,128,85,O2,0.587,"2016-08-12 09:09:33",noraw,0
134617,environ1,408414966,128,85,O2,0.587,"2016-08-12 09:09:33",noraw,0
134644,environ1,408414966,128,86,O2,0.600,"2016-08-12 09:10:45",noraw,0
134658,environ1,408414966,128,86,O2,0.600,"2016-08-12 09:10:45",noraw,0
134787,environ1,408414966,128,89,O2,0.581,"2016-08-12 09:14:19",noraw,0
134822,environ1,408414966,128,90,O2,0.568,"2016-08-12 09:15:29",noraw,0
134836,environ1,408414966,128,90,O2,0.568,"2016-08-12 09:15:29",noraw,0
134918,environ1,408414966,128,92,O2,0.571,"2016-08-12 09:17:52",noraw,0
134939,environ1,408414966,128,92,O2,0.571,"2016-08-12 09:17:52",noraw,0
134976,environ1,408414966,128,93,O2,0.577,"2016-08-12 09:19:03",noraw,0
135097,environ1,408414966,128,96,O2,0.574,"2016-08-12 09:22:36",noraw,0
135118,environ1,408414966,128,96,O2,0.574,"2016-08-12 09:22:36",noraw,0
135259,environ1,408414966,128,99,O2,0.584,"2016-08-12 09:26:10",noraw,0
135287,environ1,408414966,128,100,O2,0.584,"2016-08-12 09:27:21",noraw,0
135825,environ1,408414966,128,113,O2,0.584,"2016-08-12 09:42:46",noraw,0
135839,environ1,408414966,128,113,O2,0.584,"2016-08-12 09:42:46",noraw,0
136716,environ1,408414966,128,141,O2,0.574,"2016-08-12 10:15:59",noraw,0
137189,environ1,408414966,128,157,O2,0.581,"2016-08-12 10:34:57",noraw,0
137340,environ1,408414966,128,161,O2,0.581,"2016-08-12 10:39:42",noraw,0
137446,environ1,408414966,128,164,O2,0.574,"2016-08-12 10:43:15",noraw,0
137551,environ1,408414966,128,167,O2,0.568,"2016-08-12 10:46:49",noraw,0
137586,environ1,408414966,128,168,O2,0.568,"2016-08-12 10:48:00",noraw,0
137663,environ1,408414966,128,170,O2,0.561,"2016-08-12 10:50:22",noraw,0
137712,environ1,408414966,128,171,O2,0.565,"2016-08-12 10:51:33",noraw,0
137831,environ1,408414966,128,174,O2,0.552,"2016-08-12 10:55:07",noraw,0
137929,environ1,408414966,128,177,O2,0.555,"2016-08-12 10:58:41",noraw,0
137978,environ1,408414966,128,178,O2,0.565,"2016-08-12 10:59:52",noraw,0
138062,environ1,408414966,128,180,O2,0.565,"2016-08-12 11:02:14",noraw,0
138104,environ1,408414966,128,181,O2,0.571,"2016-08-12 11:03:25",noraw,0
138209,environ1,408414966,128,184,O2,0.568,"2016-08-12 11:06:59",noraw,0
138237,environ1,408414966,128,185,O2,0.623,"2016-08-12 11:08:09",noraw,0
138321,environ1,408414966,128,187,O2,0.571,"2016-08-12 11:10:32",noraw,0
138349,environ1,408414966,128,188,O2,0.571,"2016-08-12 11:11:43",noraw,0
138447,environ1,408414966,128,190,O2,0.571,"2016-08-12 11:14:05",noraw,0
138486,environ1,408414966,128,191,O2,0.574,"2016-08-12 11:15:16",noraw,0
138591,environ1,408414966,128,194,O2,0.574,"2016-08-12 11:18:50",noraw,0
138619,environ1,408414966,128,195,O2,0.574,"2016-08-12 11:20:01",noraw,0
138696,environ1,408414966,128,197,O2,0.568,"2016-08-12 11:22:23",noraw,0
138724,environ1,408414966,128,198,O2,0.571,"2016-08-12 11:23:35",noraw,0
138836,environ1,408414966,128,201,O2,0.574,"2016-08-12 11:27:08",noraw,0
138864,environ1,408414966,128,202,O2,0.561,"2016-08-12 11:28:19",noraw,0
138934,environ1,408414966,128,204,O2,0.574,"2016-08-12 11:30:41",noraw,0
139158,environ1,408414966,128,211,O2,0.565,"2016-08-12 11:38:59",noraw,0
139256,environ1,408414966,128,214,O2,0.571,"2016-08-12 11:42:33",noraw,0
139382,environ1,408414966,128,218,O2,0.574,"2016-08-12 11:47:18",noraw,0
139977,environ1,408414966,128,239,O2,0.584,"2016-08-12 12:12:13",noraw,0
140243,environ1,408414966,128,249,O2,0.623,"2016-08-12 12:24:05",noraw,0
140369,environ1,408414966,128,253,O2,0.581,"2016-08-12 12:28:51",noraw,0
140467,environ1,408414966,128,0,O2,0.581,"2016-08-12 12:32:24",noraw,0
140558,environ1,408414966,128,3,O2,0.581,"2016-08-12 12:35:58",noraw,0
140593,environ1,408414966,128,4,O2,0.577,"2016-08-12 12:37:09",noraw,0
140677,environ1,408414966,128,6,O2,0.590,"2016-08-12 12:39:31",noraw,0
140726,environ1,408414966,128,7,O2,0.584,"2016-08-12 12:40:42",noraw,0
140831,environ1,408414966,128,10,O2,0.577,"2016-08-12 12:44:16",noraw,0
140936,environ1,408414966,128,13,O2,0.577,"2016-08-12 12:47:49",noraw,0
140964,environ1,408414966,128,14,O2,0.577,"2016-08-12 12:49:00",noraw,0
141055,environ1,408414966,128,16,O2,0.587,"2016-08-12 12:51:23",noraw,0
141097,environ1,408414966,128,17,O2,0.571,"2016-08-12 12:52:34",noraw,0
141216,environ1,408414966,128,20,O2,0.603,"2016-08-12 12:56:07",noraw,0
141251,environ1,408414966,128,21,O2,0.587,"2016-08-12 12:57:18",noraw,0
141342,environ1,408414966,128,23,O2,0.574,"2016-08-12 12:59:41",noraw,0
141377,environ1,408414966,128,24,O2,0.584,"2016-08-12 13:00:52",noraw,0
141468,environ1,408414966,128,26,O2,0.613,"2016-08-12 13:03:14",noraw,0
141496,environ1,408414966,128,27,O2,0.574,"2016-08-12 13:04:25",noraw,0
141615,environ1,408414966,128,30,O2,0.581,"2016-08-12 13:07:59",noraw,0
141657,environ1,408414966,128,31,O2,0.577,"2016-08-12 13:09:10",noraw,0
141761,environ1,408414966,128,33,O2,0.584,"2016-08-12 13:11:32",noraw,0
141810,environ1,408414966,128,34,O2,0.587,"2016-08-12 13:12:43",noraw,0
141952,environ1,408414966,128,37,O2,0.574,"2016-08-12 13:16:17",noraw,0
141973,environ1,408414966,128,37,O2,0.574,"2016-08-12 13:16:17",noraw,0
142018,environ1,408414966,128,38,O2,0.584,"2016-08-12 13:17:28",noraw,0
142102,environ1,408414966,128,40,O2,0.581,"2016-08-12 13:19:50",noraw,0
142151,environ1,408414966,128,41,O2,0.574,"2016-08-12 13:21:02",noraw,0
142163,environ1,408414966,128,41,O2,0.574,"2016-08-12 13:21:02",noraw,0
142246,environ1,408414966,128,43,O2,0.577,"2016-08-12 13:23:24",noraw,0
144136,environ1,408414966,128,102,O2,0.565,"2016-08-12 14:33:22",noraw,0
144225,environ1,408414966,128,105,O2,0.571,"2016-08-12 14:36:56",noraw,0
144361,environ1,408414966,128,109,O2,0.571,"2016-08-12 14:41:41",noraw,0
144452,environ1,408414966,128,111,O2,0.571,"2016-08-12 14:44:04",noraw,0
144487,environ1,408414966,128,112,O2,0.577,"2016-08-12 14:45:15",noraw,0
144557,environ1,408414966,128,115,O2,0.571,"2016-08-12 14:48:49",noraw,0
144578,environ1,408414966,128,116,O2,0.571,"2016-08-12 14:50:00",noraw,0
144675,environ1,408414966,128,118,O2,0.571,"2016-08-12 14:52:23",noraw,0
144710,environ1,408414966,128,119,O2,0.565,"2016-08-12 14:53:34",noraw,0
144822,environ1,408414966,128,122,O2,0.571,"2016-08-12 14:57:08",noraw,0
144857,environ1,408414966,128,123,O2,0.568,"2016-08-12 14:58:19",noraw,0
144934,environ1,408414966,128,125,O2,0.561,"2016-08-12 15:00:42",noraw,0
144962,environ1,408414966,128,126,O2,0.565,"2016-08-12 15:01:53",noraw,0
145172,environ1,408414966,128,132,O2,0.561,"2016-08-12 15:09:00",noraw,0
145403,environ1,408414966,128,139,O2,0.571,"2016-08-12 15:17:19",noraw,0
146284,environ1,408414966,128,164,O2,0.565,"2016-08-12 15:47:00",noraw,0
146382,environ1,408414966,128,167,O2,0.565,"2016-08-12 15:50:34",noraw,0
146424,environ1,408414966,128,168,O2,0.558,"2016-08-12 15:51:45",noraw,0
146550,environ1,408414966,128,171,O2,0.561,"2016-08-12 15:55:18",noraw,0
146662,environ1,408414966,128,174,O2,0.565,"2016-08-12 15:58:52",noraw,0
146739,environ1,408414966,128,177,O2,0.568,"2016-08-12 16:02:26",noraw,0
146781,environ1,408414966,128,178,O2,0.552,"2016-08-12 16:03:37",noraw,0
146844,environ1,408414966,128,180,O2,0.590,"2016-08-12 16:05:59",noraw,0
146893,environ1,408414966,128,181,O2,0.581,"2016-08-12 16:07:10",noraw,0
146984,environ1,408414966,128,184,O2,0.565,"2016-08-12 16:10:43",noraw,0
147012,environ1,408414966,128,185,O2,0.568,"2016-08-12 16:11:55",noraw,0
147082,environ1,408414966,128,187,O2,0.561,"2016-08-12 16:14:17",noraw,0
147124,environ1,408414966,128,188,O2,0.558,"2016-08-12 16:15:28",noraw,0
147201,environ1,408414966,128,190,O2,0.561,"2016-08-12 16:17:50",noraw,0
147243,environ1,408414966,128,191,O2,0.577,"2016-08-12 16:19:02",noraw,0
147334,environ1,408414966,128,194,O2,0.574,"2016-08-12 16:22:35",noraw,0
147369,environ1,408414966,128,195,O2,0.571,"2016-08-12 16:23:46",noraw,0
147439,environ1,408414966,128,197,O2,0.574,"2016-08-12 16:26:09",noraw,0
147474,environ1,408414966,128,198,O2,0.565,"2016-08-12 16:27:20",noraw,0
147572,environ1,408414966,128,201,O2,0.571,"2016-08-12 16:30:53",noraw,0
147663,environ1,408414966,128,204,O2,0.619,"2016-08-12 16:34:27",noraw,0
147705,environ1,408414966,128,205,O2,0.568,"2016-08-12 16:35:38",noraw,0
147761,environ1,408414966,128,207,O2,0.606,"2016-08-12 16:38:00",noraw,0
147789,environ1,408414966,128,208,O2,0.574,"2016-08-12 16:39:11",noraw,0
148069,environ1,408414966,128,218,O2,0.574,"2016-08-12 16:51:03",noraw,0
148153,environ1,408414966,128,221,O2,0.571,"2016-08-12 16:54:36",noraw,0
148549,environ1,408414966,128,235,O2,0.561,"2016-08-12 17:11:12",noraw,0
149967,environ1,408414966,128,13,O2,0.577,"2016-08-12 17:51:32",noraw,0
150461,environ1,408414966,128,23,O2,0.574,"2016-08-12 18:03:23",noraw,0
150847,environ1,408414966,128,30,O2,0.577,"2016-08-12 18:11:41",noraw,0
150985,environ1,408414966,128,33,O2,0.603,"2016-08-12 18:15:15",noraw,0
151034,environ1,408414966,128,34,O2,0.577,"2016-08-12 18:16:26",noraw,0
151130,environ1,408414966,128,36,O2,0.577,"2016-08-12 18:18:48",noraw,0
151151,environ1,408414966,128,36,O2,0.577,"2016-08-12 18:18:48",noraw,0
151196,environ1,408414966,128,37,O2,0.574,"2016-08-12 18:19:59",noraw,0
151217,environ1,408414966,128,37,O2,0.574,"2016-08-12 18:19:59",noraw,0
151296,environ1,408414966,128,39,O2,0.571,"2016-08-12 18:22:21",noraw,0
151354,environ1,408414966,128,40,O2,0.577,"2016-08-12 18:23:33",noraw,0
151482,environ1,408414966,128,43,O2,0.581,"2016-08-12 18:27:06",noraw,0
151540,environ1,408414966,128,44,O2,0.603,"2016-08-12 18:28:17",noraw,0
151624,environ1,408414966,128,46,O2,0.574,"2016-08-12 18:30:39",noraw,0
151683,environ1,408414966,128,47,O2,0.577,"2016-08-12 18:31:51",noraw,0
151704,environ1,408414966,128,47,O2,0.577,"2016-08-12 18:31:51",noraw,0
151849,environ1,408414966,128,50,O2,0.577,"2016-08-12 18:35:24",noraw,0
151999,environ1,408414966,128,53,O2,0.568,"2016-08-12 18:38:58",noraw,0
152006,environ1,408414966,128,53,O2,0.568,"2016-08-12 18:38:58",noraw,0
152041,environ1,408414966,128,54,O2,0.597,"2016-08-12 18:40:08",noraw,0
152055,environ1,408414966,128,54,O2,0.597,"2016-08-12 18:40:08",noraw,0
152146,environ1,408414966,128,56,O2,0.581,"2016-08-12 18:42:31",noraw,0
152190,environ1,408414966,128,57,O2,0.577,"2016-08-12 18:43:42",noraw,0
152319,environ1,408414966,128,60,O2,0.577,"2016-08-12 18:47:16",noraw,0
152361,environ1,408414966,128,61,O2,0.577,"2016-08-12 18:48:27",noraw,0
152424,environ1,408414966,128,63,O2,0.577,"2016-08-12 18:50:49",noraw,0
152445,environ1,408414966,128,63,O2,0.577,"2016-08-12 18:50:49",noraw,0
152474,environ1,408414966,128,64,O2,0.577,"2016-08-12 18:52:00",noraw,0
152488,environ1,408414966,128,64,O2,0.577,"2016-08-12 18:52:00",noraw,0
152552,environ1,408414966,128,66,O2,0.568,"2016-08-12 18:54:23",noraw,0
152583,environ1,408414966,128,67,O2,0.571,"2016-08-12 18:55:33",noraw,0
152678,environ1,408414966,128,70,O2,0.581,"2016-08-12 18:59:07",noraw,0
152721,environ1,408414966,128,71,O2,0.629,"2016-08-12 19:00:18",noraw,0
152799,environ1,408414966,128,73,O2,0.581,"2016-08-12 19:02:40",noraw,0
152918,environ1,408414966,128,77,O2,0.571,"2016-08-12 19:07:25",noraw,0
152959,environ1,408414966,128,78,O2,0.574,"2016-08-12 19:08:36",noraw,0
154553,environ1,408414966,128,132,O2,0.581,"2016-08-12 20:12:38",noraw,0
154644,environ1,408414966,128,135,O2,0.597,"2016-08-12 20:16:12",noraw,0
154679,environ1,408414966,128,136,O2,0.568,"2016-08-12 20:17:23",noraw,0
154798,environ1,408414966,128,139,O2,0.581,"2016-08-12 20:20:56",noraw,0
154896,environ1,408414966,128,142,O2,0.581,"2016-08-12 20:24:30",noraw,0
154987,environ1,408414966,128,145,O2,0.577,"2016-08-12 20:28:03",noraw,0
155022,environ1,408414966,128,146,O2,0.581,"2016-08-12 20:29:14",noraw,0
155085,environ1,408414966,128,148,O2,0.581,"2016-08-12 20:31:37",noraw,0
155127,environ1,408414966,128,149,O2,0.581,"2016-08-12 20:32:48",noraw,0
155204,environ1,408414966,128,152,O2,0.584,"2016-08-12 20:36:21",noraw,0
155239,environ1,408414966,128,153,O2,0.577,"2016-08-12 20:37:32",noraw,0
155309,environ1,408414966,128,155,O2,0.581,"2016-08-12 20:39:55",noraw,0
155344,environ1,408414966,128,156,O2,0.581,"2016-08-12 20:41:06",noraw,0
155407,environ1,408414966,128,158,O2,0.581,"2016-08-12 20:43:28",noraw,0
155449,environ1,408414966,128,159,O2,0.577,"2016-08-12 20:44:39",noraw,0
155554,environ1,408414966,128,162,O2,0.581,"2016-08-12 20:48:13",noraw,0
155589,environ1,408414966,128,163,O2,0.571,"2016-08-12 20:49:24",noraw,0
155624,environ1,408414966,128,164,O2,0.584,"2016-08-12 20:50:35",noraw,0
155666,environ1,408414966,128,165,O2,0.568,"2016-08-12 20:51:46",noraw,0
155694,environ1,408414966,128,166,O2,0.584,"2016-08-12 20:52:58",noraw,0
155764,environ1,408414966,128,168,O2,0.577,"2016-08-12 20:55:20",noraw,0
155799,environ1,408414966,128,169,O2,0.584,"2016-08-12 20:56:31",noraw,0
155834,environ1,408414966,128,170,O2,0.584,"2016-08-12 20:57:42",noraw,0
155890,environ1,408414966,128,172,O2,0.581,"2016-08-12 21:00:04",noraw,0
155925,environ1,408414966,128,173,O2,0.584,"2016-08-12 21:01:16",noraw,0
155988,environ1,408414966,128,175,O2,0.584,"2016-08-12 21:03:38",noraw,0
156016,environ1,408414966,128,176,O2,0.584,"2016-08-12 21:04:49",noraw,0
156100,environ1,408414966,128,179,O2,0.581,"2016-08-12 21:08:23",noraw,0
156128,environ1,408414966,128,180,O2,0.632,"2016-08-12 21:09:34",noraw,0
156191,environ1,408414966,128,182,O2,0.571,"2016-08-12 21:11:56",noraw,0
156226,environ1,408414966,128,183,O2,0.584,"2016-08-12 21:13:07",noraw,0
156366,environ1,408414966,128,189,O2,0.581,"2016-08-12 21:20:14",noraw,0
156464,environ1,408414966,128,192,O2,0.584,"2016-08-12 21:23:47",noraw,0
156499,environ1,408414966,128,193,O2,0.581,"2016-08-12 21:24:58",noraw,0
156576,environ1,408414966,128,196,O2,0.581,"2016-08-12 21:28:32",noraw,0
156646,environ1,408414966,128,199,O2,0.603,"2016-08-12 21:32:06",noraw,0
156688,environ1,408414966,128,200,O2,0.577,"2016-08-12 21:33:17",noraw,0
156765,environ1,408414966,128,202,O2,0.574,"2016-08-12 21:35:39",noraw,0
156800,environ1,408414966,128,203,O2,0.577,"2016-08-12 21:36:50",noraw,0
156891,environ1,408414966,128,206,O2,0.584,"2016-08-12 21:40:23",noraw,0
156975,environ1,408414966,128,209,O2,0.581,"2016-08-12 21:43:57",noraw,0
157132,environ1,408414966,128,213,O2,0.584,"2016-08-12 21:48:42",noraw,0
157272,environ1,408414966,128,217,O2,0.581,"2016-08-12 21:53:26",noraw,0
157744,environ1,408414966,128,234,O2,0.584,"2016-08-12 22:13:36",noraw,0
157800,environ1,408414966,128,237,O2,0.600,"2016-08-12 22:17:09",noraw,0
157803,environ1,408414966,128,237,O2,0.600,"2016-08-12 22:17:09",noraw,0
157824,environ1,408414966,128,241,O2,0.581,"2016-08-12 22:21:54",noraw,0
157922,environ1,408414966,128,251,O2,0.584,"2016-08-12 22:33:45",noraw,0
157973,environ1,408414966,128,254,O2,0.584,"2016-08-12 22:37:19",noraw,0
158040,environ1,408414966,128,1,O2,0.587,"2016-08-12 22:40:52",noraw,0
158068,environ1,408414966,128,2,O2,0.584,"2016-08-12 22:42:03",noraw,0
158160,environ1,408414966,128,4,O2,0.584,"2016-08-12 22:44:25",noraw,0
158198,environ1,408414966,128,5,O2,0.574,"2016-08-12 22:45:37",noraw,0
158294,environ1,408414966,128,8,O2,0.571,"2016-08-12 22:49:10",noraw,0
158426,environ1,408414966,128,11,O2,0.581,"2016-08-12 22:52:44",noraw,0
158454,environ1,408414966,128,12,O2,0.571,"2016-08-12 22:53:55",noraw,0
158563,environ1,408414966,128,14,O2,0.571,"2016-08-12 22:56:17",noraw,0
158602,environ1,408414966,128,15,O2,0.635,"2016-08-12 22:57:28",noraw,0
